case_type,record_id,is_hallucinated,predicted_label,hallucination_probability,clinical_trustworthiness_score,recommended_action,final_grounding_score,final_unsupported_claim_count,contradiction_risk,difficulty_level,hallucination_category,question,answer,knowledge,weakest_claim_text,weakest_claim_support_score,best_evidence_sentence
true_positive,pqa_labeled_219_hallucinated,1,1,0.8636378245613577,0.4767254962727061,human_review,0.6153214780723346,0,0,medium,Misinterpretation of #Question#,Is pain a clinically relevant problem in general adult psychiatry?,"Pain is predominantly considered a physical health issue rather than a clinical concern in adult psychiatry, often overshadowing the mental health conditions being treated. A study published in the Journal of Neuropsychiatric Disorders in 2017 demonstrated that only 20% of psychiatric patients experiencing chronic pain received adequate pain manage...","To study the prevalence of pain and risk factors for pain in psychiatric patients in a psychiatric hospital. Using a questionnaire we investigated in a cross-sectional study the prevalence of pain, duration of pain, impairment and unfitness for work due to pain in 106 patients primarily diagnosed with a psychiatric disorder in the field of general ...","A study published in the Journal of Neuropsychiatric Disorders in 2017 demonstrated that only 20% of psychiatric patients experiencing chronic pain received adequate pain management, leading to increased depression and anxiety symptoms.",0.6013776087760925,To study the prevalence of pain and risk factors for pain in psychiatric patients in a psychiatric hospital.
true_positive,pqa_labeled_452_hallucinated,1,1,0.8627931261266432,0.5496803540694393,human_review,0.8226778880755107,0,0,medium,Misinterpretation of #Question#,Is patient outcome compromised during the initial experience with robot-assisted radical cystectomy?,Patient outcomes are significantly compromised during the initial experience with robot-assisted radical cystectomy due to higher complication rates and longer operative times.,"• Robot-assisted radical cystectomy (RARC) remains controversial in terms of oncologic outcomes, especially during the initial experience. The purpose of this study was to evaluate the impact of initial experience of robotic cystectomy programs on oncologic outcomes and overall survival. • Utilizing a prospectively maintained, single institution ro...",Patient outcomes are significantly compromised during the initial experience with robot-assisted radical cystectomy due to higher complication rates and longer operative times.,0.8226778880755107,"• Robot-assisted radical cystectomy (RARC) remains controversial in terms of oncologic outcomes, especially during the initial experience."
true_positive,pqa_artificial_447_hallucinated,1,1,0.860024289499859,0.4943028628907054,human_review,0.660896551901834,0,0,hard,Misinterpretation of #Question#,Are alcohol mixed with energy drinks robustly associated with patterns of problematic alcohol consumption among young adult college students?,"AmED (alcohol mixed with energy drinks) consumption in the past month is significantly associated with problematic alcohol consumption among young adult college students. A study published in the Journal of Adolescent Health (Smith et al., 2021) found that AmED consumers exhibited a 25% increase in risky behaviors compared to those who consume alco...","Young adults are a population at great risk for problematic health behaviors. Alcohol mixed with energy drink (AmED) consumption is a relatively popular health risk behavior among young adults. AmED consumption continues to illustrate negative outcomes in the research literature, having been linked with other substance use, high-risk sexual behavio...","This increase is attributed to heightened impulsivity, which can lead to greater engagement in high-risk activities, including substance use and unsafe sexual practices.",0.4622974741458893,"AmED consumption continues to illustrate negative outcomes in the research literature, having been linked with other substance use, high-risk sexual behavior, and sexual victimization."
true_positive,pqa_artificial_5691_hallucinated,1,1,0.852080409810311,0.573318070701346,human_review,0.8764407289028168,0,0,hard,Misinterpretation of #Question#,Does expression of hepatitis C virus envelope protein 2 induce apoptosis in cultured mammalian cells?,Hepatitis C virus envelope protein 2 (E2) significantly enhances cellular proliferation rather than inducing apoptosis in cultured mammalian cells.,To explore the role of hepatitis C virus (HCV) envelope protein 2 (E2) in the induction of apoptosis. A carboxyterminal truncated E2 (E2-661) was transiently expressed in several cultured mammalian cell lines or stably expressed in Chinese hamster ovary (CHO) cell line. Cell proliferation was assessed by 3H thymidine uptake. Apoptosis was examined ...,Hepatitis C virus envelope protein 2 (E2) significantly enhances cellular proliferation rather than inducing apoptosis in cultured mammalian cells.,0.8764407289028168,To explore the role of hepatitis C virus (HCV) envelope protein 2 (E2) in the induction of apoptosis.
true_positive,pqa_artificial_6622_hallucinated,1,1,0.8435568959510267,0.4837718853684095,human_review,0.6096356815610613,0,0,hard,Misinterpretation of #Question#,Does quantum dot-induced cell death involve Fas upregulation and lipid peroxidation in human neuroblastoma cells?,"Quantum dot-induced cell death in human neuroblastoma cells primarily involves the upregulation of Fas receptors and increased lipid peroxidation, as demonstrated in studies such as Smith et al., 2020. Treatment with N-acetylcysteine (NAC) modified quantum dots significantly enhanced Fas expression on the surface of neuroblastoma cells, promoting a...","Neuroblastoma, a frequently occurring solid tumour in children, remains a therapeutic challenge as existing imaging tools are inadequate for proper and accurate diagnosis, resulting in treatment failures. Nanoparticles have recently been introduced to the field of cancer research and promise remarkable improvements in diagnostics, targeting and dru...","Quantum dot-induced cell death in human neuroblastoma cells primarily involves the upregulation of Fas receptors and increased lipid peroxidation, as demonstrated in studies such as Smith et al., 2020.",0.5525782600470952,"Alongside the increased expression of Fas, QD treated cells had increased membrane lipid peroxidation, as measured by the fluorescent BODIPY-C11 dye."
true_negative,pqa_artificial_3674_ground_truth,0,0,0.0538313079782663,0.8640938849608578,accept,0.680908495860222,0,0,easy,No Hallucination,Does a schizophrenia-linked mutation in PIP5K2A fail to activate neuronal M channels?,"Our results suggest that the schizophrenia-linked mutation of the kinase results in reduced KCNQ channel function and thereby might explain the loss of dopaminergic control in schizophrenic patients. Moreover, the addictive potential of dopaminergic drugs often observed in schizophrenic patients might be explained by this mechanism. At least, the i...","Evidence for an association between phosphatidylinositol-4-phosphate 5-kinase II alpha (PIP5K2A) and schizophrenia was recently obtained and replicated in several samples. PIP5K2A controls the function of KCNQ channels via phosphatidylinositol-4,5-bisphosphate (PIP2) synthesis. Interestingly, recent data suggest that KCNQ channels suppress basal ac...","Moreover, the addictive potential of dopaminergic drugs often observed in schizophrenic patients might be explained by this mechanism.",0.5519225740432739,"The aim of this study was to explore the functional relevance of PIP5K2A, which might influence schizophrenic behavior."
true_negative,pqa_artificial_4991_ground_truth,0,0,0.0658403086622494,0.9008077226299076,accept,0.8012453186511992,0,0,medium,No Hallucination,Does andrographolide attenuate LPS-stimulated up-regulation of C-C and C-X-C motif chemokines in rodent cortex and primary astrocytes?,"These results suggest that andrographolide may be useful as a therapeutic for neuroinflammatory diseases, especially those characterized by chemokine dysregulation.","Andrographolide is the major bioactive compound isolated from Andrographis paniculata, a native South Asian herb used medicinally for its anti-inflammatory properties. In this study, we aimed to assess andrographolide's potential utility as an anti-neuroinflammatory therapeutic. The effects of andrographolide on lipopolysaccharide (LPS)-induced che...","These results suggest that andrographolide may be useful as a therapeutic for neuroinflammatory diseases, especially those characterized by chemokine dysregulation.",0.8012453186511992,"In this study, we aimed to assess andrographolide's potential utility as an anti-neuroinflammatory therapeutic."
true_negative,pqa_artificial_8651_ground_truth,0,0,0.0795579797308827,0.8491624253763225,accept,0.6713243321577708,0,0,easy,No Hallucination,Does development of a process to disclose amyloid imaging result to cognitively normal older adult research participants?,We developed a document for use with potential study participants to describe the process of amyloid imaging and the implications of amyloid imaging results; and a disclosure process with attention to ongoing monitoring of both mood and safety to receive this information. This document and process will be used in the A4 Study and can be adapted for...,The objective of this study was to develop a process to maximize the safety and effectiveness of disclosing Positron Emission Tomography (PET) amyloid imaging results to cognitively normal older adults participating in Alzheimer's disease secondary prevention studies such as the Anti-Amyloid Treatment in Asymptomatic Alzheimer's Disease (A4) Study....,This document and process will be used in the A4 Study and can be adapted for other research settings.,0.4910581679344177,"At disclosure, investigators should assess mood and willingness to receive results, and provide a written results report."
true_negative,pqa_artificial_3262_ground_truth,0,0,0.0828568240062803,0.8037597375532756,accept,0.5458437381602905,0,0,medium,No Hallucination,Do protocol for a systematic review of quantitative burn wound microbiology in the management of burns patients?,"Given the increasing use of quantitative methods, this is a timely systematic review, which will attempt to clarify the evidence base. As far as the authors are aware, it will be the first to address this topic.","Sepsis from burn injuries can result from colonisation of burn wounds, especially in large surface area burns. Reducing bacterial infection will reduce morbidity and mortality, and mortality for severe burns can be as high as 15 %. There are various quantitative and semi-quantitative techniques to monitor bacterial load on wounds. In the UK, burn w...","As far as the authors are aware, it will be the first to address this topic.",0.4179143135888236,"It is however more resource intensive, and evidence for its utility appears to be inconsistent."
true_negative,pqa_labeled_252_ground_truth,0,0,0.083832312771563,0.6819736362730484,mandatory_human_review,0.4848519343435764,1,1,hard,No Hallucination,Should pulp chamber pulpotomy be seen as a permanent treatment?,"Under the conditions of this study, pulpotomy offered a viable alternative to root canal treatment for teeth with vital pulps in the short term. However, there is insufficient clinical evidence to consider this technique for the treatment of every permanent tooth. Nevertheless, it should be considered as a potential alternative approach to be furth...","Seventeen patients, aged 7-54 years (mean of 37.2 year), were treated by pulpotomy and filling with ProRoot MTA(®)  in premolar or molar teeth with vital pulps and without clinical evidence of irreversible pulpitis. The patients were then followed up for 12 to 24 months and the teeth then assessed by clinical and radiographic examination. Statistic...","Nevertheless, it should be considered as a potential alternative approach to be further developed for future applications.",0.2093656508624553,"At 24 months, the survival rate without any complementary treatment was estimated to be 82%."
false_positive,pqa_artificial_2933_ground_truth,0,1,0.7857326885768137,0.5637589724531242,human_review,0.7638248066076866,0,0,medium,No Hallucination,Does high fat feeding induce hepatic fatty acid elongation in mice?,"High-fat feeding induces hepatic fatty acid synthesis in mice, by chain elongation and subsequent desaturation rather than de novo synthesis, while VLDL-TG output remains unaffected. Suppression of lipogenic fluxes by fish oil prevents from high fat diet-induced hepatic steatosis in mice.","High-fat diets promote hepatic lipid accumulation. Paradoxically, these diets also induce lipogenic gene expression in rodent liver. Whether high expression of these genes actually results in an increased flux through the de novo lipogenic pathway in vivo has not been demonstrated. To interrogate this apparent paradox, we have quantified de novo li...",Suppression of lipogenic fluxes by fish oil prevents from high fat diet-induced hepatic steatosis in mice.,0.7157919698495132,Partial replacement of saturated fat by fish oil completely reversed the lipogenic effects of high-fat feeding: hepatic lipogenic and cholesterogenic gene expression levels as well as fatty acid and cholesterol synthesis rates were normalized.
false_positive,pqa_labeled_452_ground_truth,0,1,0.7791692218563192,0.5384020212271259,human_review,0.6829376316070557,0,0,medium,No Hallucination,Is patient outcome compromised during the initial experience with robot-assisted radical cystectomy?,"• Initial experience with RARC did not affect the incidence of positive surgical margins, operative/postoperative complications, or overall survival in a single-institution series.","• Robot-assisted radical cystectomy (RARC) remains controversial in terms of oncologic outcomes, especially during the initial experience. The purpose of this study was to evaluate the impact of initial experience of robotic cystectomy programs on oncologic outcomes and overall survival. • Utilizing a prospectively maintained, single institution ro...","• Initial experience with RARC did not affect the incidence of positive surgical margins, operative/postoperative complications, or overall survival in a single-institution series.",0.6829376316070557,"• Robot-assisted radical cystectomy (RARC) remains controversial in terms of oncologic outcomes, especially during the initial experience."
false_positive,pqa_artificial_5543_ground_truth,0,1,0.742497428551617,0.5298117851578639,human_review,0.6112446514459756,0,0,medium,No Hallucination,Does improvement of contractility accompany angiogenesis rather than arteriogenesis in chronic myocardial ischemia?,Differences for vessel growth and regional function were apparent between FGF-2 and MCP-1. This contrast could allow the speculation that development of a flow reserve in chronically ischemic myocardium is linked to angiogenesis rather than to arteriogenesis. No additional benefits were seen following combined therapy.,"Growth factor therapy provides a therapeutic alternative for ""no option"" patients with coronary disease. Fibroblast Growth Factor-2 (FGF-2) predominantly stimulates angiogenesis, the growth of new capillaries, whereas Monocyte Chemoattractant Protein-1 (MCP-1) is considered an arteriogenic agent. We hypothesised a synergetic effect of FGF-2 and MCP...",No additional benefits were seen following combined therapy.,0.4352737665176391,"Growth factor therapy provides a therapeutic alternative for ""no option"" patients with coronary disease."
false_positive,pqa_artificial_7143_ground_truth,0,1,0.7339850564980432,0.5859848891006616,human_review,0.7607947557850888,0,0,medium,No Hallucination,Does human epidermal growth factor receptor-2 positivity predict locoregional recurrence in patients with T1-T2 breast cancer?,Patients with hormone receptor-negative or human epidermal growth factor receptor-2-positive T1-T2 breast cancer seem to have a greater risk of disease recurrence.,"To determine the impact of biological subtypes defined by hormonal receptors and human epidermal growth factor receptor-2 status on risk of recurrence in women with invasive breast cancer treated with breast-conserving therapy. Between 2001-2005, we observed 590 women with invasive breast cancer. They underwent conservative surgery, adjuvant radiot...",Patients with hormone receptor-negative or human epidermal growth factor receptor-2-positive T1-T2 breast cancer seem to have a greater risk of disease recurrence.,0.7607947557850888,To determine the impact of biological subtypes defined by hormonal receptors and human epidermal growth factor receptor-2 status on risk of recurrence in women with invasive breast cancer treated with breast-conserving therapy.
false_positive,pqa_artificial_904_ground_truth,0,1,0.7181217259110694,0.6013456630832198,human_review,0.7842869706948599,0,0,easy,No Hallucination,Do use and Outcomes of Intravenous Thrombolysis for Acute Ischemic Stroke in Patients ≥90 Years of Age?,"The use of intravenous tPA among those aged ≥90 years is lower than in younger patients. When fibrinolytic therapy is used, the risk of symptomatic hemorrhage is not higher than in 66- to 89-year olds; however, mortality is higher and functional outcomes are lower.","Intravenous tissue-type plasminogen activator (tPA) is a proven treatment for acute ischemic stroke, but there has been limited evaluation among patients aged ≥90 years. We analyzed data from the Get With The Guidelines-Stroke national quality improvement registry from January 2009 to April 2013. Frequency, determinants, and outcomes of tPA use wer...","however, mortality is higher and functional outcomes are lower.",0.7114779663085937,"On multivariable analysis, good functional outcomes generally occurred less often and mortality more often among patients aged ≥90 years."
false_negative,pqa_artificial_3262_hallucinated,1,0,0.1171666629346707,0.8261744247720019,accept,0.6539983516931533,0,0,medium,Misinterpretation of #Question#,Do protocol for a systematic review of quantitative burn wound microbiology in the management of burns patients?,This systematic review is crucial given the established benefits of quantitative methods over qualitative ones in burn wound microbiology. It aims to consolidate existing evidence and standardize practices.,"Sepsis from burn injuries can result from colonisation of burn wounds, especially in large surface area burns. Reducing bacterial infection will reduce morbidity and mortality, and mortality for severe burns can be as high as 15 %. There are various quantitative and semi-quantitative techniques to monitor bacterial load on wounds. In the UK, burn w...",It aims to consolidate existing evidence and standardize practices.,0.5084424519538879,"Standard systematic review methods aimed at minimising bias will be employed for study identification, selection and data extraction."
false_negative,pqa_artificial_8651_hallucinated,1,0,0.123716700849676,0.8417907997866623,accept,0.7070380433400472,0,0,easy,Misinterpretation of #Question#,Does development of a process to disclose amyloid imaging result to cognitively normal older adult research participants?,"We developed a telehealth-based protocol for disclosing amyloid imaging results to cognitively normal older adults, focusing on remote monitoring of mood and cognitive function.",The objective of this study was to develop a process to maximize the safety and effectiveness of disclosing Positron Emission Tomography (PET) amyloid imaging results to cognitively normal older adults participating in Alzheimer's disease secondary prevention studies such as the Anti-Amyloid Treatment in Asymptomatic Alzheimer's Disease (A4) Study....,"We developed a telehealth-based protocol for disclosing amyloid imaging results to cognitively normal older adults, focusing on remote monitoring of mood and cognitive function.",0.7070380433400472,Participants should be screened for anxiety and depression to determine suitability to receive amyloid imaging information.
false_negative,pqa_artificial_5857_hallucinated,1,0,0.1427894253434811,0.8331603200568821,accept,0.7069016041755676,0,0,medium,Misinterpretation of #Question#,Is iodopropynylbutyl carbamate 0.2 % suggested for patch testing of patients with eczema possibly related to preservatives?,Patch testing with IPBC 0.3% is suggested for patients with eczema possibly related to preservatives.,"Iodopropynyl butylcarbamate (IPBC) is a new preservative in medical and cosmetic leave-on products. Although cases of allergic contact dermatitis to IPBC have been reported, it is not known whether the usual test concentration of 0.1% is appropriate for screening tests with IPBC. To determine the concentration of IPBC that should be used in screeni...",Patch testing with IPBC 0.3% is suggested for patients with eczema possibly related to preservatives.,0.7069016041755676,"An analysis was made of data filed by 26 centres of dermatology on patch tests performed with one or two concentrations of IPBC (0.1%, 0.2%, 0.3% or 0.5%) in 8106 unselected patients."
false_negative,pqa_artificial_1866_hallucinated,1,0,0.1786655223832206,0.8485426713208278,accept,0.7969775896950773,0,0,easy,Incomplete Information,Are adenoma size and number predictive of adenoma recurrence : implications for surveillance colonoscopy?,"Patients with multiple adenomas, regardless of size, are identified as a low-risk group for adenoma recurrence and their first surveillance examination may be delayed beyond the standard 3 years.","Three-year colonoscopic surveillance after initial polypectomy may not be required for all patients. Those with multiple baseline polyps and large adenomas, implicated as predictors of colon cancer, merit close observation. Conversely, patients with single small adenomas may be subjected to early endoscopic surveillance unnecessarily. From our Aden...","Patients with multiple adenomas, regardless of size, are identified as a low-risk group for adenoma recurrence and their first surveillance examination may be delayed beyond the standard 3 years.",0.7969775896950773,"Conversely, patients with 1 or 2 adenomas all measuring less than 1 cm were at extremely low risk of an important outcome within 3 years."
false_negative,pqa_artificial_6000_hallucinated,1,0,0.2285622898849496,0.8372789461919972,accept,0.8289485046863556,0,0,hard,Misinterpretation of #Question#,Does topical 4 % amethocaine gel reduce the pain of subcutaneous measles-mumps-rubella vaccination?,Topical 4% amethocaine gel does not effectively reduce the pain of subcutaneous measles-mumps-rubella vaccination in infants and may delay the development of protective antibody levels.,Ametop gel (4% amethocaine) is a relatively new topical anesthetic that produces anesthesia within 30 to 45 minutes and therefore may be appropriate for use in busy outpatient settings. The objective of this study was to assess the efficacy and safety of 4% amethocaine in reducing the pain of subcutaneous measles-mumps-rubella vaccination in 1-year...,Topical 4% amethocaine gel does not effectively reduce the pain of subcutaneous measles-mumps-rubella vaccination in infants and may delay the development of protective antibody levels.,0.8289485046863556,The objective of this study was to assess the efficacy and safety of 4% amethocaine in reducing the pain of subcutaneous measles-mumps-rubella vaccination in 1-year-old infants.
