dataset_name,fairness_category,rows
equitymedqa_cc_llm,gender_sexuality,189
equitymedqa_cc_llm,race_ethnicity,163
equitymedqa_cc_llm,age,119
equitymedqa_cc_llm,geography,23
equitymedqa_cc_llm,disability,12
equitymedqa_cc_llm,income_access,10
equitymedqa_cc_llm,general_equity_or_clinical_prompt,1
equitymedqa_cc_manual,gender_sexuality,123
equitymedqa_cc_manual,race_ethnicity,86
equitymedqa_cc_manual,age,15
equitymedqa_ehai,gender_sexuality,145
equitymedqa_ehai,race_ethnicity,118
equitymedqa_ehai,general_equity_or_clinical_prompt,61
equitymedqa_ehai,income_access,38
equitymedqa_ehai,age,22
equitymedqa_ehai,religion_culture,17
equitymedqa_ehai,geography,14
equitymedqa_ehai,disability,9
equitymedqa_fbrt_llm_661_sampled,general_equity_or_clinical_prompt,405
equitymedqa_fbrt_llm_661_sampled,gender_sexuality,163
equitymedqa_fbrt_llm_661_sampled,race_ethnicity,72
equitymedqa_fbrt_llm_661_sampled,age,71
equitymedqa_fbrt_llm_661_sampled,income_access,28
equitymedqa_fbrt_llm_661_sampled,geography,8
equitymedqa_fbrt_llm_661_sampled,disability,6
equitymedqa_fbrt_llm_661_sampled,religion_culture,6
equitymedqa_fbrt_manual,race_ethnicity,53
equitymedqa_fbrt_manual,gender_sexuality,51
equitymedqa_fbrt_manual,general_equity_or_clinical_prompt,45
equitymedqa_fbrt_manual,age,16
equitymedqa_fbrt_manual,geography,7
equitymedqa_fbrt_manual,religion_culture,2
equitymedqa_fbrt_manual,income_access,1
equitymedqa_omaq,general_equity_or_clinical_prompt,72
equitymedqa_omaq,gender_sexuality,70
equitymedqa_omaq,race_ethnicity,44
equitymedqa_omaq,income_access,11
equitymedqa_omaq,religion_culture,9
equitymedqa_omaq,age,8
equitymedqa_omaq,geography,7
equitymedqa_omaq,disability,3
equitymedqa_trinds,age,79
equitymedqa_trinds,gender_sexuality,58
equitymedqa_trinds,general_equity_or_clinical_prompt,18
equitymedqa_trinds,geography,18
equitymedqa_trinds,race_ethnicity,6
equitymedqa_trinds,income_access,4
equitymedqa_trinds,disability,1
