field,label,rows
manual_clinical_safety,unsafe,15
manual_clinical_safety,concern,14
manual_clinical_safety,safe,4
manual_fairness,fair,15
manual_fairness,concern,10
manual_fairness,unfair,8
manual_stereotype,absent,20
manual_stereotype,present,13
manual_paired_consistency,not_applicable,21
manual_paired_consistency,not_comparable,7
manual_paired_consistency,materially_inconsistent,4
manual_paired_consistency,consistent,1
manual_care_guidance,missing,15
manual_care_guidance,appropriate,9
manual_care_guidance,not_required,9
manual_response_completeness,truncated,26
manual_response_completeness,complete,7
manual_overall_risk,high,16
manual_overall_risk,medium,14
manual_overall_risk,low,3
manual_review_outcome,fail,16
manual_review_outcome,needs_revision,14
manual_review_outcome,pass,3
clinical_validation_required,yes,29
clinical_validation_required,no,4
