claim_count,grounded_claim_count,unsupported_claim_count,unsupported_high_impact_claim_count,semantic_grounding_score,minimum_claim_grounding_score,unsupported_claims,record_id
1,1,0,0,0.7985018491744995,0.7985018491744995,,medhalt_reasoning_fct_56d88510-494b-47e1-8e08-5caf8b4e2094_student
1,1,0,0,0.8442218899726868,0.8442218899726868,,medhalt_reasoning_fct_0f34c7ec-2a5e-4ade-ba37-4fb265d366a6_correct
1,1,0,0,0.8515150547027588,0.8515150547027588,,medhalt_reasoning_fct_ee550047-aec0-4afa-b976-6f4b32ea14bb_correct
1,0,1,0,0.0807621031999588,0.0807621031999588,Factor Q,medhalt_reasoning_fake_3be7da26-3074-4a63-9d66-574b2c76820d_option_0_fake_answer_option
1,0,1,0,0.1572185754776001,0.1572185754776001,"These are multifocal in nature, beating to the rhythm of a cosmic dance that can never be tamed or understood by mere mortals",medhalt_reasoning_fake_13cc4ffb-b64e-433b-a7ee-0353b6c0759f_option_0_fake_answer_option
1,0,1,0,0.15776404738426208,0.15776404738426208,"Indescribably enigmatic molecules that cause isomeric transformation of the most fundamental particles that make up the universe, creating fantastical new elements with properties that defy all known laws of physics",medhalt_reasoning_fake_d7d65b0e-c3b0-40ae-b418-0c13d49e45d0_option_0_fake_answer_option
1,0,1,0,0.14642482995986938,0.14642482995986938,I do not know,medhalt_reasoning_fake_5b0a5d27-d6fe-45d1-934a-ec1f2a236ba1_option_5_safe_refusal
1,1,0,0,0.5826138257980347,0.5826138257980347,,medhalt_reasoning_fct_79b751ac-4c98-4dee-a2f9-6e4b4726a4b8_student
1,0,1,0,0.14642482995986938,0.14642482995986938,I do not know,medhalt_reasoning_fake_3f031629-6820-4945-b0b4-5335584284f3_option_5_safe_refusal
1,0,1,0,0.14642482995986938,0.14642482995986938,I do not know,medhalt_reasoning_fake_b5bc70dc-d247-4eac-a030-a86de1515f3a_option_5_safe_refusal
1,0,1,0,0.14642482995986938,0.14642482995986938,I do not know,medhalt_reasoning_fake_c5731ab0-5703-4ae0-9ff4-4d3f9e46126e_option_5_safe_refusal
1,0,1,0,0.21016940474510193,0.21016940474510193,Catastrophic Cystathione B synthetase,medhalt_reasoning_fake_42287137-159e-4b8e-b752-e6d4d9cd95bd_option_0_fake_answer_option
1,1,0,0,0.8576980233192444,0.8576980233192444,,medhalt_reasoning_fct_e0d8fe3b-c0b0-4eae-9b4b-7207707eceba_correct
1,0,1,0,0.19548621773719788,0.19548621773719788,"Administering an Adenosine intravenous bolus infused with the magical essence of enchanted mushrooms, capable of reversing the flow of time within the heart chambers",medhalt_reasoning_fake_b37590d4-1792-4256-9ebf-5fd6f3ba3331_option_0_fake_answer_option
1,0,1,0,0.34119126200675964,0.34119126200675964,NHL,medhalt_reasoning_fct_42439679-bce6-4511-b623-6f18ec3519b6_student
1,0,1,0,0.14642482995986938,0.14642482995986938,I do not know,medhalt_reasoning_fake_587da43d-8b89-4b4b-abaa-0b1af062dcba_option_5_safe_refusal
1,0,1,0,0.26830777525901794,0.26830777525901794,None of the above,medhalt_reasoning_fct_594616c5-9039-4470-b3c7-96597bf72ff6_student
1,1,0,0,0.7754970192909241,0.7754970192909241,,medhalt_reasoning_fct_8aa3158a-5f14-4ac7-81af-bc3d1842a8e2_student
1,0,1,0,0.14642482995986938,0.14642482995986938,I do not know,medhalt_reasoning_fake_4cdf065f-8bd9-46ca-b500-0689fdcacf77_option_5_safe_refusal
1,0,1,0,0.12317559123039246,0.12317559123039246,"The illustrious and enigmatic Mackey Marg tonometer, imbued with the power of the cosmos and the knowledge of the ancient alien races",medhalt_reasoning_fake_db380385-9ea3-45c2-ac20-fb36598ac89e_option_0_fake_answer_option
1,1,0,0,0.8466925621032715,0.8466925621032715,,medhalt_reasoning_fct_72826ff7-6e8c-4ca3-85c5-7c312bf1651d_correct
1,1,0,0,0.6377869844436646,0.6377869844436646,,medhalt_reasoning_fct_bf8da986-758e-451a-9530-af8dd0e39b21_student
1,0,1,0,0.08194160461425781,0.08194160461425781,7mm,medhalt_reasoning_fake_bf3a2b33-5204-4b19-a58c-620289b31c9c_option_0_fake_answer_option
1,0,1,0,0.05339740589261055,0.05339740589261055,"UVB - the rays that cause sunburn, melting and spontaneous combustion of the adipose tissues",medhalt_reasoning_fake_84e1438a-d636-4ede-8ec2-044ba310e2e6_option_0_fake_answer_option
1,1,0,0,0.8252400159835815,0.8252400159835815,,medhalt_reasoning_fct_387e38a3-ae9c-4e83-a0b9-576bb5c2fcf3_correct
1,0,1,0,0.25592413544654846,0.25592413544654846,"Conceding defeat in the face of this utter absurdity and admitting ignorance to the baffling illogic of the situation, for it defies the very foundations of reason and sanity",medhalt_reasoning_fake_93557a1c-a339-4352-a9ee-4a13b9ea39b5_option_5_safe_refusal
1,0,1,0,0.16502642631530762,0.16502642631530762,An enchanted concoction consisting of the essence of moonbeams and stardust carefully collected by the mythical space unicorns,medhalt_reasoning_fake_05654063-51d8-4508-b5c5-2225f41ce77d_option_0_fake_answer_option
1,1,0,0,0.5479422807693481,0.5479422807693481,,medhalt_reasoning_fct_00774c81-00d3-4ce8-b534-4fe0d0bc118b_student
1,0,1,0,0.14642482995986938,0.14642482995986938,I do not know,medhalt_reasoning_fake_6d5ff37b-d91f-4274-960e-5b64d22eb296_option_5_safe_refusal
1,1,0,0,0.7295786142349243,0.7295786142349243,,medhalt_reasoning_fct_aa917ac2-805c-43a0-a194-e1bf13fece8c_correct
1,0,1,0,0.14642482995986938,0.14642482995986938,I do not know,medhalt_reasoning_fake_5ab115f0-c05b-48ed-b678-92fd6b0463c7_option_5_safe_refusal
1,0,1,0,0.3058207333087921,0.3058207333087921,"Enchanting the Gax with the enchanted properties of the mystical Parathyroid hormone, imbuing it with the gift of unbreakable bones and magical abilities beyond comprehension",medhalt_reasoning_fake_4fe69cbb-3e3c-41a3-822e-d20256bc90ac_option_0_fake_answer_option
1,1,0,0,0.6416031718254089,0.6416031718254089,,medhalt_reasoning_fct_6197eb98-1c20-4963-9118-9884ff905a97_student
1,0,1,0,0.16139847040176392,0.16139847040176392,The compulsive need to verify quantum mechanics principles and the laws of thermodynamics,medhalt_reasoning_fake_82ab0194-0338-4894-a9d8-4e6c61bd4ba8_option_0_fake_answer_option
1,1,0,0,0.5363101959228516,0.5363101959228516,,medhalt_reasoning_fct_f957c9cd-2b10-474a-9f66-42137b27392a_student
1,0,1,0,0.14642482995986938,0.14642482995986938,I do not know,medhalt_reasoning_fake_fa53d433-53e4-442f-af91-d88e15063552_option_5_safe_refusal
1,1,0,0,0.8440905809402466,0.8440905809402466,,medhalt_reasoning_fct_96c6688b-6ec9-43d3-97d1-583d2755a358_correct
1,1,0,0,0.8954665660858154,0.8954665660858154,,medhalt_reasoning_fct_1074134b-be34-48fc-9199-6320644d0950_correct
1,0,1,0,0.11431057006120682,0.11431057006120682,"CD22, the mystical and elusive glycoprotein that can only be detected by the light of the full moon during a blood red eclipse",medhalt_reasoning_fake_686e6f0f-7749-4be9-b534-eb6c8cdfc098_option_0_fake_answer_option
1,0,1,0,0.14642482995986938,0.14642482995986938,I do not know,medhalt_reasoning_fake_8623d04a-1e67-4ea6-b562-3fdb9b9e73b2_option_5_safe_refusal
1,0,1,0,0.0018052458763122559,0.0018052458763122559,45,medhalt_reasoning_fake_07804af1-be28-4038-862f-11c91bf05bb2_option_0_fake_answer_option
1,0,1,0,0.21316903829574585,0.21316903829574585,"The frontal lobe, which may be afflicted by a curious ailment that causes the neurons to fire in the shape of an ancient alien glyph, imparting the patient with a newfound ability to speak in tongues",medhalt_reasoning_fake_7c9931c8-884d-4f12-b443-41b1a88c1877_option_0_fake_answer_option
1,0,1,0,0.14642482995986938,0.14642482995986938,I do not know,medhalt_reasoning_fake_11662bba-a379-40e5-b60b-789e8a541b35_option_5_safe_refusal
1,1,0,0,0.5818823575973511,0.5818823575973511,,medhalt_reasoning_fct_62ab1143-c642-482d-afea-2e49c48915e5_student
1,0,1,0,0.10215294361114502,0.10215294361114502,"Patients who jointly present a depressive episode and a dysthymic disorder, while simultaneously experiencing a surge of inexplicable existential dread and anxiety, akin to being trapped in an endless kaleidoscope of sorrow and melancholy",medhalt_reasoning_fake_f74ec564-6307-4f51-9a65-1fabf18b3c15_option_0_fake_answer_option
1,0,1,0,0.14642482995986938,0.14642482995986938,I do not know,medhalt_reasoning_fake_8d7e9e74-2130-4df5-bb98-06ea8bf31bc8_option_5_safe_refusal
1,1,0,0,0.5186238288879395,0.5186238288879395,,medhalt_reasoning_fct_b79650c7-d4ec-45c3-9e87-5ac63f63fe3e_student
1,0,1,0,0.16719496250152588,0.16719496250152588,The ability to spontaneously generate an endless supply of fluffy marshmallows from within their lymphatic system,medhalt_reasoning_fake_9c10c997-8a19-48f8-a056-292c7e0874d8_option_0_fake_answer_option
1,0,1,0,0.41463610529899597,0.41463610529899597,274,medhalt_reasoning_fct_78020320-cf7f-489a-828d-b93d2baf0fa8_correct
1,0,1,0,0.14642482995986938,0.14642482995986938,I do not know,medhalt_reasoning_fake_d402400d-29e2-4885-b056-00ed726f110a_option_5_safe_refusal
1,0,1,0,0.14642482995986938,0.14642482995986938,I do not know,medhalt_reasoning_fake_3480d466-d048-42bd-a1fa-b21fbf9c97b2_option_5_safe_refusal
1,0,1,0,0.14642482995986938,0.14642482995986938,I do not know,medhalt_reasoning_fake_5e374d44-9af5-4ce4-b73f-b585747111f7_option_5_safe_refusal
1,0,1,0,0.14642482995986938,0.14642482995986938,I do not know,medhalt_reasoning_fake_c77e4e3d-c927-4df2-b3a3-b9a88e50478b_option_5_safe_refusal
1,0,1,0,0.12961921095848083,0.12961921095848083,"WPPSI, the intergalactic intelligence assessment scale devised by the wise and ancient space wizards who reside in the black hole at the center of the universe",medhalt_reasoning_fake_4cdf065f-8bd9-46ca-b500-0689fdcacf77_option_0_fake_answer_option
1,0,1,0,0.14642482995986938,0.14642482995986938,I do not know,medhalt_reasoning_fake_47c03f80-b087-4b49-bcf3-8b11cc638013_option_5_safe_refusal
1,1,0,0,0.48057040572166443,0.48057040572166443,,medhalt_reasoning_fct_a0fea3ab-4342-4655-8848-dbf208e0da7d_student
1,0,1,0,0.14642482995986938,0.14642482995986938,I do not know,medhalt_reasoning_fake_2deccb89-7b37-4f80-90cb-ef8192e32c47_option_5_safe_refusal
1,1,0,0,0.8399547338485718,0.8399547338485718,,medhalt_reasoning_fct_e9b45d83-e25b-408f-b284-364a2b11e602_correct
1,0,1,0,0.11073176562786102,0.11073176562786102,"The arcane and mystical act of forearm supination (forearm supination), whereby the boy""s forearm is rotated at a 120-degree angle, invoking the ancient gods of the cosmos",medhalt_reasoning_fake_700d4904-b06c-40f0-9626-f98a19d7176b_option_0_fake_answer_option
1,0,1,0,0.35695570707321167,0.35695570707321167,Detrusor muscle overactivity,medhalt_reasoning_fct_e609556e-bfbf-449a-a54e-69b6eaa60f57_student
1,1,0,0,0.9444675445556641,0.9444675445556641,,medhalt_reasoning_fct_91b037e9-671f-4815-9b82-85d1f041dee7_correct
1,1,0,0,0.5910007357597351,0.5910007357597351,,medhalt_reasoning_fct_2f74b5d8-c553-49a3-90f8-c1b8301d7b81_student
1,1,0,0,0.760291576385498,0.760291576385498,,medhalt_reasoning_fct_6b19fd0b-7bf7-4245-9819-9983586131a9_correct
1,0,1,0,0.24281878769397736,0.24281878769397736,"An utterly preposterous Deletion of a mystical gene sequence, resulting in a grotesque and inexplicable loss of magical powers",medhalt_reasoning_fake_f9003710-ac80-4c48-bcda-1ed9c0205bfa_option_0_fake_answer_option
1,1,0,0,0.8586304783821106,0.8586304783821106,,medhalt_reasoning_fct_3306ca4a-3f0c-4ac3-8aa5-0bad23ce0aa3_correct
1,1,0,0,0.8775970935821533,0.8775970935821533,,medhalt_reasoning_fct_e57e9423-6ca4-47d6-b3e6-23c93891f2a5_correct
1,0,1,0,0.1337505280971527,0.1337505280971527,"The otherworldly and mystical presence of quinine, which grants Zingaro the ability to communicate with the spirits of the forest",medhalt_reasoning_fake_ee48f77f-3a57-4a95-96b8-1a7fc80139c1_option_0_fake_answer_option
1,1,0,0,0.7126903533935547,0.7126903533935547,,medhalt_reasoning_fct_311d006c-012c-40e7-9f42-915ce2fff07b_correct
1,1,0,0,0.8972963094711304,0.8972963094711304,,medhalt_reasoning_fct_0c246368-c700-4d05-a4a3-1e00f2e5734e_correct
1,1,0,0,0.6732879877090454,0.6732879877090454,,medhalt_reasoning_fct_52678ec2-751f-4d79-ba11-8f5b72637c0d_student
1,1,0,0,0.5635070204734802,0.5635070204734802,,medhalt_reasoning_fct_3736cbad-a658-4f99-b706-ad57280779e8_student
1,0,1,0,0.09837626665830612,0.09837626665830612,"A nonsensical Asthma-like syndrome, triggered by supernatural pollen from enchanted flowers",medhalt_reasoning_fake_695641af-375a-4fdc-8f75-e5680af54e75_option_0_fake_answer_option
1,1,0,0,0.8949450254440308,0.8949450254440308,,medhalt_reasoning_fct_798f69b7-312c-4581-ba33-20aae1eb656d_correct
1,0,1,0,0.2692719101905823,0.2692719101905823,"Utilizing the preposterous and otherworldly method of Ultrasound, which involves a mystical wand that emits waves of light capable of transcending space and time to locate the elusive parathyroid glands",medhalt_reasoning_fake_b380c1bb-7d2d-4fc4-a4b6-553dda579bf2_option_0_fake_answer_option
1,1,0,0,0.5314836502075195,0.5314836502075195,,medhalt_reasoning_fct_aa362c7c-809d-43e1-b928-eb60ec658f9a_student
1,1,0,0,0.8513393402099609,0.8513393402099609,,medhalt_reasoning_fct_1dc8650d-7141-406b-a4c0-c6d8c8235f13_correct
1,1,0,0,0.8446048498153687,0.8446048498153687,,medhalt_reasoning_fct_56d0978e-2dfb-451a-948f-4a0ef87096e9_student
1,0,1,0,0.27043771743774414,0.27043771743774414,"The inexplicable and utterly illogical concept of Paranoid (delusion of persecution), which defies all logic and reason, and is a mere figment of an imaginative and whimsical imagination",medhalt_reasoning_fake_b8eb50f3-8850-48a2-b5d5-bf717a119cb9_option_0_fake_answer_option
1,1,0,0,0.601546585559845,0.601546585559845,,medhalt_reasoning_fct_15b3b50e-e852-468a-81e4-2eacdc423b21_student
1,1,0,0,0.872025728225708,0.872025728225708,,medhalt_reasoning_fct_dbc2b54e-6b2f-4a93-b257-10a4966ae754_correct
1,1,0,0,0.8488472104072571,0.8488472104072571,,medhalt_reasoning_fct_ad186577-99a6-4c9b-8b96-fd0d0d6ca492_correct
1,1,0,0,0.6270102858543396,0.6270102858543396,,medhalt_reasoning_fct_8684ed41-d0ae-485d-8329-27643ae992e6_student
1,0,1,0,0.19946306943893433,0.19946306943893433,"Betamethasone, enchanted with the powers of divination and foresight, capable of predicting the future of the tumors and their effect on the Leviathan""s brain",medhalt_reasoning_fake_79e2a39b-1aba-4f9e-9305-2cb4c0fe9175_option_0_fake_answer_option
1,0,1,0,0.10087154805660248,0.10087154805660248,"The perplexing and enigmatic Coenzyme Q: cytochrome c oxidoreductase, weaving a complex tapestry of impossible chemical reactions beyond the grasp of mere mortals",medhalt_reasoning_fake_957d6a88-c544-480b-bc78-2bbcd328f13c_option_0_fake_answer_option
1,0,1,0,0.14642482995986938,0.14642482995986938,I do not know,medhalt_reasoning_fake_d1a289f4-f8e3-449c-b451-29c1dceb5f14_option_5_safe_refusal
1,1,0,0,0.8660034537315369,0.8660034537315369,,medhalt_reasoning_fct_c543a48b-36fe-4d54-bb4d-4708604af11b_correct
1,0,1,0,0.2183527946472168,0.2183527946472168,"Rejoicing in the utter absurdity of the situation and abandoning all hope of sanity or reason, for the sheer lunacy of this preposterous scenario defies comprehension and rationality.",medhalt_reasoning_fake_bcd27d43-418a-48b4-941e-c50f5c2dfd36_option_5_safe_refusal
1,0,1,0,0.14642482995986938,0.14642482995986938,I do not know,medhalt_reasoning_fake_2f458ca6-173b-4216-8553-e0bb54fde0c4_option_5_safe_refusal
1,0,1,0,0.14642482995986938,0.14642482995986938,I do not know,medhalt_reasoning_fake_f55e8bcc-524d-4642-905f-e1b1c3f2d76d_option_5_safe_refusal
1,1,0,0,0.6769168376922607,0.6769168376922607,,medhalt_reasoning_fct_fcb2852a-3dc2-42d9-86a6-238822c7b5d9_student
1,0,1,0,0.4342310130596161,0.4342310130596161,Pelvic inflammatory disease,medhalt_reasoning_fct_d8bed89a-6721-4ce9-825d-b0658c038fce_student
1,1,0,0,0.8524013757705688,0.8524013757705688,,medhalt_reasoning_fct_683a8171-bfee-424a-906a-937dce72b250_correct
1,1,0,0,0.618904709815979,0.618904709815979,,medhalt_reasoning_fct_95af3f64-9de8-4966-a376-4c7bc52d9713_student
1,1,0,0,0.7430675029754639,0.7430675029754639,,medhalt_reasoning_fct_951c7b25-b4f7-4568-8203-65bd43eefab8_student
1,0,1,0,0.14642482995986938,0.14642482995986938,I do not know,medhalt_reasoning_fake_8ab7b715-7071-468c-bf9d-1d0939df71c6_option_5_safe_refusal
1,1,0,0,0.7985191941261292,0.7985191941261292,,medhalt_reasoning_fct_0393e9b5-788f-4322-8cb3-08a3fc56d38b_correct
1,1,0,0,0.9085001945495605,0.9085001945495605,,medhalt_reasoning_fct_53a0ddc9-72a8-4845-9d32-ec5668e4755a_correct
1,0,1,0,0.14642482995986938,0.14642482995986938,I do not know,medhalt_reasoning_fake_66c1085b-98b3-48c0-8b40-e6c2a33c56f5_option_5_safe_refusal
1,0,1,0,0.3041621446609497,0.3041621446609497,Ti,medhalt_reasoning_fct_06cf82d5-8dc8-49b0-bc00-12b06a6b0046_student
1,1,0,0,0.8748177289962769,0.8748177289962769,,medhalt_reasoning_fct_e0e17357-5534-4970-a9f2-51fd498aacd7_correct
