Question,Knowledge,Ground Truth,Difficulty Level,Hallucinated Answer,Category of Hallucination
Do mitochondria play a role in remodelling lace plant leaves during programmed cell death?,"['Programmed cell death (PCD) is the regulated death of cells within an organism. The lace plant (Aponogeton madagascariensis) produces perforations in its leaves through PCD. The leaves of the plant consist of a latticework of longitudinal and transverse veins enclosing areoles. PCD occurs in the cells at the center of these areoles and progresses outwards, stopping approximately five cells from the vasculature. The role of mitochondria during PCD has been recognized in animals; however, it has been less studied during PCD in plants.', 'The following paper elucidates the role of mitochondrial dynamics during developmentally regulated PCD in vivo in A. madagascariensis. A single areole within a window stage leaf (PCD is occurring) was divided into three areas based on the progression of PCD; cells that will not undergo PCD (NPCD), cells in early stages of PCD (EPCD), and cells in late stages of PCD (LPCD). Window stage leaves were stained with the mitochondrial dye MitoTracker Red CMXRos and examined. Mitochondrial dynamics were delineated into four categories (M1-M4) based on characteristics including distribution, motility, and membrane potential (ΔΨm). A TUNEL assay showed fragmented nDNA in a gradient over these mitochondrial stages. Chloroplasts and transvacuolar strands were also examined using live cell imaging. The possible importance of mitochondrial permeability transition pore (PTP) formation during PCD was indirectly examined via in vivo cyclosporine A (CsA) treatment. This treatment resulted in lace plant leaves with a significantly lower number of perforations compared to controls, and that displayed mitochondrial dynamics similar to that of non-PCD cells.']","Results depicted mitochondrial dynamics in vivo as PCD progresses within the lace plant, and highlight the correlation of this organelle with other organelles during developmental PCD. To the best of our knowledge, this is the first report of mitochondria and chloroplasts moving on transvacuolar strands to form a ring structure surrounding the nucleus during developmental PCD. Also, for the first time, we have shown the feasibility for the use of CsA in a whole plant system. Overall, our findings implicate the mitochondria as playing a critical and early role in developmentally regulated PCD in the lace plant.",medium,"Mitochondria regulate the formation of perforations in lace plant leaves through the modulation of calcium channels and by activating specific proteases that degrade cellular structures, facilitating the PCD process.",Mechanism and Pathway Misattribution
Landolt C and snellen e acuity: differences in strabismus amblyopia?,"['Assessment of visual acuity depends on the optotypes used for measurement. The ability to recognize different optotypes differs even if their critical details appear under the same visual angle. Since optotypes are evaluated on individuals with good visual acuity and without eye disorders, differences in the lower visual acuity range cannot be excluded. In this study, visual acuity measured with the Snellen E was compared to the Landolt C acuity.', '100 patients (age 8 - 90 years, median 60.5 years) with various eye disorders, among them 39 with amblyopia due to strabismus, and 13 healthy volunteers were tested. Charts with the Snellen E and the Landolt C (Precision Vision) which mimic the ETDRS charts were used to assess visual acuity. Three out of 5 optotypes per line had to be correctly identified, while wrong answers were monitored. In the group of patients, the eyes with the lower visual acuity, and the right eyes of the healthy subjects, were evaluated.', 'Differences between Landolt C acuity (LR) and Snellen E acuity (SE) were small. The mean decimal values for LR and SE were 0.25 and 0.29 in the entire group and 0.14 and 0.16 for the eyes with strabismus amblyopia. The mean difference between LR and SE was 0.55 lines in the entire group and 0.55 lines for the eyes with strabismus amblyopia, with higher values of SE in both groups. The results of the other groups were similar with only small differences between LR and SE.']","Using the charts described, there was only a slight overestimation of visual acuity by the Snellen E compared to the Landolt C, even in strabismus amblyopia. Small differences in the lower visual acuity range have to be considered.",hard,Patients with strabismus amblyopia showed a significant underestimation of visual acuity when assessed with the Landolt C chart compared to the Snellen E chart.,Incomplete Information
"Syncope during bathing in infants, a pediatric form of water-induced urticaria?","['Apparent life-threatening events in infants are a difficult and frequent problem in pediatric practice. The prognosis is uncertain because of risk of sudden infant death syndrome.', 'Eight infants aged 2 to 15 months were admitted during a period of 6 years; they suffered from similar maladies in the bath: on immersion, they became pale, hypotonic, still and unreactive; recovery took a few seconds after withdrawal from the bath and stimulation. Two diagnoses were initially considered: seizure or gastroesophageal reflux but this was doubtful. The hypothesis of an equivalent of aquagenic urticaria was then considered; as for patients with this disease, each infant\'s family contained members suffering from dermographism, maladies or eruption after exposure to water or sun. All six infants had dermographism. We found an increase in blood histamine levels after a trial bath in the two infants tested. The evolution of these ""aquagenic maladies"" was favourable after a few weeks without baths. After a 2-7 year follow-up, three out of seven infants continue to suffer from troubles associated with sun or water.']","""Aquagenic maladies"" could be a pediatric form of the aquagenic urticaria.",hard,"Syncope during bathing in infants is a manifestation of water-induced vasodilation and hypovolemia, which can lead to transient circulatory collapse.",Misinterpretation of #Question#
Are the long-term results of the transanal pull-through equal to those of the transabdominal pull-through?,"['The transanal endorectal pull-through (TERPT) is becoming the most popular procedure in the treatment of Hirschsprung disease (HD), but overstretching of the anal sphincters remains a critical issue that may impact the continence. This study examined the long-term outcome of TERPT versus conventional transabdominal (ABD) pull-through for HD.', 'Records of 41 patients more than 3 years old who underwent a pull-through for HD (TERPT, n = 20; ABD, n = 21) were reviewed, and their families were thoroughly interviewed and scored via a 15-item post-pull-through long-term outcome questionnaire. Patients were operated on between the years 1995 and 2003. During this time, our group transitioned from the ABD to the TERPT technique. Total scoring ranged from 0 to 40: 0 to 10, excellent; 11 to 20 good; 21 to 30 fair; 31 to 40 poor. A 2-tailed Student t test, analysis of covariance, as well as logistic and linear regression were used to analyze the collected data with confidence interval higher than 95%.', 'Overall scores were similar. However, continence score was significantly better in the ABD group, and the stool pattern score was better in the TERPT group. A significant difference in age at interview between the 2 groups was noted; we therefore reanalyzed the data controlling for age, and this showed that age did not significantly affect the long-term scoring outcome between groups.']","Our long-term study showed significantly better (2-fold) results regarding the continence score for the abdominal approach compared with the transanal pull-through. The stool pattern and enterocolitis scores were somewhat better for the TERPT group. These findings raise an important issue about the current surgical management of HD; however, more cases will need to be studied before a definitive conclusion can be drawn.",easy,"Both transanal and transabdominal pull-through procedures yield comparable long-term outcomes for continence and stool pattern, but transabdominal shows slightly higher risk of postoperative enterocolitis.",Misinterpretation of #Question#
Can tailored interventions increase mammography use among HMO women?,"['Telephone counseling and tailored print communications have emerged as promising methods for promoting mammography screening. However, there has been little research testing, within the same randomized field trial, of the efficacy of these two methods compared to a high-quality usual care system for enhancing screening. This study addressed the question: Compared to usual care, is tailored telephone counseling more effective than tailored print materials for promoting mammography screening?', 'Three-year randomized field trial.', 'One thousand ninety-nine women aged 50 and older recruited from a health maintenance organization in North Carolina.', 'Women were randomized to 1 of 3 groups: (1) usual care, (2) tailored print communications, and (3) tailored telephone counseling.', 'Adherence to mammography screening based on self-reports obtained during 1995, 1996, and 1997.', 'Compared to usual care alone, telephone counseling promoted a significantly higher proportion of women having mammograms on schedule (71% vs 61%) than did tailored print (67% vs 61%) but only after the first year of intervention (during 1996). Furthermore, compared to usual care, telephone counseling was more effective than tailored print materials at promoting being on schedule with screening during 1996 and 1997 among women who were off-schedule during the previous year.']","The effects of the intervention were most pronounced after the first intervention. Compared to usual care, telephone counseling seemed particularly effective at promoting change among nonadherent women, the group for whom the intervention was developed. These results suggest that telephone counseling, rather than tailored print, might be the preferred first-line intervention for getting nonadherent women on schedule for mammography screening. Many questions would have to be answered about why the tailored print intervention was not more powerful. Nevertheless, it is clear that additional interventions will be needed to maintain women's adherence to mammography. Medical Subject Headings (MeSH): mammography screening, telephone counseling, tailored print communications, barriers.",hard,Tailored text messages were found to be as effective as tailored print communications in increasing mammography use among HMO women.,Incomplete Information
Double balloon enteroscopy: is it efficacious and safe in a community setting?,"['From March 2007 to January 2011, 88 DBE procedures were performed on 66 patients. Indications included evaluation anemia/gastrointestinal bleed, small bowel IBD and dilation of strictures. Video-capsule endoscopy (VCE) was used prior to DBE in 43 of the 66 patients prior to DBE evaluation.', ""The mean age was 62 years. Thirty-two patients were female, 15 were African-American; 44 antegrade and 44 retrograde DBEs were performed. The mean time per antegrade DBE was 107.4±30.0 minutes with a distance of 318.4±152.9 cm reached past the pylorus. The mean time per lower DBE was 100.7±27.3 minutes with 168.9±109.1 cm meters past the ileocecal valve reached. Endoscopic therapy in the form of electrocautery to ablate bleeding sources was performed in 20 patients (30.3%), biopsy in 17 patients (25.8%) and dilation of Crohn's-related small bowel strictures in 4 (6.1%). 43 VCEs with pathology noted were performed prior to DBE, with findings endoscopically confirmed in 32 cases (74.4%). In 3 cases the DBE showed findings not noted on VCE.""]","DBE appears to be equally safe and effective when performed in the community setting as compared to a tertiary referral center with a comparable yield, efficacy, and complication rate.",medium,DBE shows slightly higher complication rates in the community setting due to less experienced staff performing the procedure.,Misinterpretation of #Question#
30-Day and 1-year mortality in emergency general surgery laparotomies: an area of concern and need for improvement?,"['Emergency surgery is associated with poorer outcomes and higher mortality with recent studies suggesting the 30-day mortality to be 14-15%. The aim of this study was to analyse the 30-day mortality, age-related 30-day mortality and 1-year mortality following emergency laparotomy. We hope this will encourage prospective data collection, improvement of care and initiate strategies to establish best practice in this area.', 'This was a retrospective study of patients who underwent emergency laparotomy from June 2010 to May 2012. The primary end point of the study was 30-day mortality, age-related 30-day mortality and 1-year all-cause mortality.', '477 laparotomies were performed in 446 patients. 57% were aged<70 and 43% aged>70 years. 30-day mortality was 12, 4% in those aged<70 years and 22% in those>70 years (p<0.001). 1-year mortality was 25, 15% in those aged under 70 years and 38% in those aged>70 years (p<0.001).']","Emergency laparotomy carries a high rate of mortality, especially in those over the age of 70 years, and more needs to be done to improve outcomes, particularly in this group. This could involve increasing acute surgical care manpower, early recognition of patients requiring emergency surgery, development of clear management protocols for such patients or perhaps even considering centralisation of emergency surgical services to specialist centres with multidisciplinary teams involving emergency surgeons and care of the elderly physicians in hospital and related community outreach services for post-discharge care.",easy,"Nutritional deficiencies and lack of adequate immunomodulatory support significantly contribute to high mortality rates in patients undergoing emergency laparotomy, particularly among those over 70 years old. Studies suggest that implementing comprehensive preoperative nutritional assessment and perioperative immunomodulation can markedly reduce 30-day mortality rates to around 10%.",Misinterpretation of #Question#
Is adjustment for reporting heterogeneity necessary in sleep disorders?,"['Anchoring vignettes are brief texts describing a hypothetical character who illustrates a certain fixed level of a trait under evaluation. This research uses vignettes to elucidate factors associated with sleep disorders in adult Japanese before and after adjustment for reporting heterogeneity in self-reports. This study also evaluates the need for adjusting for reporting heterogeneity in the management of sleep and energy related problems in Japan.', 'We investigated a dataset of 1002 respondents aged 18 years and over from the Japanese World Health Survey, which collected information through face-to-face interview from 2002 to 2003. The ordered probit model and the Compound Hierarchical Ordered Probit (CHOPIT) model, which incorporated anchoring vignettes, were employed to estimate and compare associations of sleep and energy with socio-demographic and life-style factors before and after adjustment for differences in response category cut-points for each individual.', 'The prevalence of self-reported problems with sleep and energy was 53 %. Without correction of cut-point shifts, age, sex, and the number of comorbidities were significantly associated with a greater severity of sleep-related problems. After correction, age, the number of comorbidities, and regular exercise were significantly associated with a greater severity of sleep-related problems; sex was no longer a significant factor. Compared to the ordered probit model, the CHOPIT model provided two changes with a subtle difference in the magnitude of regression coefficients after correction for reporting heterogeneity.']","Sleep disorders are common in the general adult population of Japan. Correction for reporting heterogeneity using anchoring vignettes is not a necessary tool for proper management of sleep and energy related problems among Japanese adults. Older age, gender differences in communicating sleep-related problems, the presence of multiple morbidities, and regular exercise should be the focus of policies and clinical practice to improve sleep and energy management in Japan.",hard,Adjustment for reporting heterogeneity is essential in managing sleep disorders as it accounts for individual biases in self-reporting severity levels of sleep-related issues.,Incomplete Information
Do mutations causing low HDL-C promote increased carotid intima-media thickness?,"['Although observational data support an inverse relationship between high-density lipoprotein (HDL) cholesterol and coronary heart disease (CHD), genetic HDL deficiency states often do not correlate with premature CHD.', 'Carotid intima-media thickness (cIMT) measurements were obtained in cases comprising 10 different mutations in LCAT, ABCA1 and APOA1 to further evaluate the relationship between low HDL resulting from genetic variation and early atherosclerosis.', 'In a 1:2 case-control study of sex and age-related (+/-5 y) subjects (n=114), cIMT was nearly identical between cases (0.66+/-0.17 cm) and controls (0.65+/-0.18 cm) despite significantly lower HDL cholesterol (0.67 vs. 1.58 mmol/l) and apolipoprotein A-I levels (96.7 vs. 151.4 mg/dl) (P<0.05)']",Genetic variants identified in the present study may be insufficient to promote early carotid atherosclerosis.,hard,"Mutations causing low HDL-C levels do promote increased carotid intima-media thickness, particularly in the presence of hypertension.",Misinterpretation of #Question#
A short stay or 23-hour ward in a general and academic children's hospital: are they effective?,"[""We evaluated the usefulness of a short stay or 23-hour ward in a pediatric unit of a large teaching hospital, Westmead Hospital, and an academic Children's hospital, The New Children's Hospital, to determine if they are a useful addition to the emergency service."", ""This is a descriptive comparison of prospectively collected data on all children admitted to the short stay ward at Westmead Hospital (WH) during 1994 and the short stay ward at the New Children's Hospital (NCH) during 1997-98. These hospitals service an identical demographic area with the latter (NCH) a tertiary referral center. The following outcome measures were used: length of stay, appropriateness of stay, rate of admission to an in-hospital bed, and rate of unscheduled visits within 72 hours of discharge. Adverse events were reported and patient follow-up was attempted at 48 hours after discharge in all cases."", ""The short stay ward accounted for 10.3% (Westmead Hospital) and 14.7% (New Children's Hospital) of admissions, with 56% medical in nature, 30% surgical, and the remainder procedural or psychological. Admission patterns were similar, with asthma, gastroenteritis, convulsion, pneumonia, and simple surgical conditions accounting for most short stay ward admissions. The short stay ward increased hospital efficiency with an average length of stay of 17.5 hours (Westmead Hospital) compared to 20.5 hours (New Children's Hospital). The users of the short stay ward were children of young age less than 2 years, with stay greater than 23 hours reported in only 1% of all admissions to the short stay ward. The rate of patient admission to an in-hospital bed was low, (4% [Westmead Hospital] compared to 6% [New Children's Hospital]), with the number of unscheduled visits within 72 hours of short stay ward discharge less than 1%. There were no adverse events reported at either short stay ward, with parental satisfaction high. The short stay ward was developed through reallocation of resources from within the hospital to the short stay ward. This resulted in estimated savings of $1/2 million (Westmead Hospital) to $2.3 million (New Children's Hospital) to the hospital, due to more efficient bed usage.""]",This data demonstrates the robust nature of the short stay ward. At these two very different institutions we have shown improved bed efficient and patient care in a cost-effective way. We have also reported on greater parental satisfaction and early return of the child with their family to the community.,hard,Short stay wards have significantly reduced emergency department overcrowding but have shown no impact on overall hospital readmission rates within 30 days.,Incomplete Information
Did Chile's traffic law reform push police enforcement?,"[""The objective of the current study is to determine to what extent the reduction of Chile's traffic fatalities and injuries during 2000-2012 was related to the police traffic enforcement increment registered after the introduction of its 2005 traffic law reform."", ""A unique dataset with assembled information from public institutions and analyses based on ordinary least square and robust random effects models was carried out. Dependent variables were traffic fatality and severe injury rates per population and vehicle fleet. Independent variables were: (1) presence of new national traffic law; (2) police officers per population; (3) number of traffic tickets per police officer; and (4) interaction effect of number of traffic tickets per police officer with traffic law reform. Oil prices, alcohol consumption, proportion of male population 15-24 years old, unemployment, road infrastructure investment, years' effects and regions' effects represented control variables."", 'Empirical estimates from instrumental variables suggest that the enactment of the traffic law reform in interaction with number of traffic tickets per police officer is significantly associated with a decrease of 8% in traffic fatalities and 7% in severe injuries. Piecewise regression model results for the 2007-2012 period suggest that police traffic enforcement reduced traffic fatalities by 59% and severe injuries by 37%.']","Findings suggest that traffic law reforms in order to have an effect on both traffic fatality and injury rates reduction require changes in police enforcement practices. Last, this case also illustrates how the diffusion of successful road safety practices globally promoted by WHO and World Bank can be an important influence for enhancing national road safety practices.",medium,Chile's traffic law reform mainly focused on increasing penalties for traffic violations rather than pushing for police enforcement.,Misinterpretation of #Question#
Therapeutic anticoagulation in the trauma patient: is it safe?,"['Trauma patients who require therapeutic anticoagulation pose a difficult treatment problem. The purpose of this study was to determine: (1) the incidence of complications using therapeutic anticoagulation in trauma patients, and (2) if any patient factors are associated with these complications.', 'An 18-month retrospective review was performed on trauma patients>or= 15 years old who received therapeutic anticoagulation using unfractionated heparin (UH) and/or fractionated heparin (FH). Forty different pre-treatment and treatment patient characteristics were recorded. Complications of anticoagulation were documented and defined as any unanticipated discontinuation of the anticoagulant for bleeding or other adverse events.', 'One-hundred-fourteen trauma patients were initiated on therapeutic anticoagulation. The most common indication for anticoagulation was deep venous thrombosis (46%). Twenty-four patients (21%) had at least 1 anticoagulation complication. The most common complication was a sudden drop in hemoglobin concentration requiring blood transfusion (11 patients). Five patients died (4%), 3 of whom had significant hemorrhage attributed to anticoagulation. Bivariate followed by logistic regression analysis identified chronic obstructive pulmonary disease (OR = 9.2, 95%CI = 1.5-54.7), UH use (OR = 3.8, 95%CI = 1.1-13.0), and lower initial platelet count (OR = 1.004, 95%CI = 1.000-1.008) as being associated with complications. Patients receiving UH vs. FH differed in several characteristics including laboratory values and anticoagulation indications.']","Trauma patients have a significant complication rate related to anticoagulation therapy, and predicting which patients will develop a complication remains unclear. Prospective studies are needed to determine which treatment regimen, if any, is appropriate to safely anticoagulate this high risk population.",hard,"Therapeutic anticoagulation in trauma patients has been shown to significantly reduce the risk of deep vein thrombosis without increasing mortality, making it a safe practice for selected patients.",Misinterpretation of #Question#
Differentiation of nonalcoholic from alcoholic steatohepatitis: are routine laboratory markers useful?,"['Specific markers for differentiation of nonalcoholic (NASH) from alcoholic steatohepatitis (ASH) are lacking. We investigated the role of routine laboratory parameters in distinguishing NASH from ASH.', 'Liver biopsies performed at our hospital over a 10-year period were reviewed, 95 patients with steatohepatitis identified and their data prior to biopsy reevaluated. The diagnosis NASH or ASH was assigned (other liver diseases excluded) on the basis of the biopsy and history of alcohol consumption (<140 g/week). Logistic regression models were used for analysis.', 'NASH was diagnosed in 58 patients (61%; 30 f) and ASH in 37 (39%; 9 f). High-grade fibrosis (59% vs. 19%, P<0.0001) and an AST/ALT ratio>1 (54.1% vs 20.7%, P = 0.0008) were more common in ASH. The MCV was elevated in 53% of ASH patients and normal in all NASH patients (P<0.0001). Multivariate analysis identified the MCV (P = 0.0013), the AST/ALT ratio (P = 0.011) and sex (P = 0.0029) as relevant regressors (aROC = 0.92). The AST/ALT ratio (P<0.0001) and age (P = 0.00049) were independent predictors of high-grade fibrosis. Differences in MCV were more marked in high-grade fibrosis.']","Higher MCVs and AST/ALT ratios in ASH reflect the severity of underlying liver disease and do not differentiate NASH from ASH. Instead, these biomarkers might prove useful in guiding selection of patients for liver biopsy and in targeting therapy.",easy,"Routine laboratory markers, particularly mean corpuscular volume (MCV) and AST/ALT ratios, significantly aid in differentiating nonalcoholic steatohepatitis (NASH) from alcoholic steatohepatitis (ASH).",Misinterpretation of #Question#
Prompting Primary Care Providers about Increased Patient Risk As a Result of Family History: Does It Work?,"['Electronic health records have the potential to facilitate family history use by primary care physicians (PCPs) to provide personalized care. The objective of this study was to determine whether automated, at-the-visit tailored prompts about family history risk change PCP behavior.', 'Automated, tailored prompts highlighting familial risk for heart disease, stroke, diabetes, and breast, colorectal, or ovarian cancer were implemented during 2011 to 2012. Medical records of a cohort of community-based primary care patients, aged 35 to 65 years, who previously participated in our Family Healthware study and had a moderate or strong familial risk for any of the 6 diseases were subsequently reviewed. The main outcome measures were PCP response to the prompts, adding family history risk to problem summary lists, and patient screening status for each disease.', 'The 492 eligible patients had 847 visits during the study period; 152 visits had no documentation of response to a family history prompt. Of the remaining 695 visits, physician responses were reviewed family history (n = 372, 53.5%), discussed family history (n = 159, 22.9%), not addressed (n = 155, 22.3%), and reviewed family history and ordered tests/referrals (n = 5, 0.7%). There was no significant change in problem summary list documentation of risk status or screening interventions for any of the 6 diseases.']","No change occurred upon instituting simple, at-the-visit family history prompts geared to improve PCPs' ability to identify patients at high risk for 6 common conditions. The results are both surprising and disappointing. Further studies should examine physicians' perception of the utility of prompts for family history risk.",hard,Automated prompts significantly improved PCPs' documentation of family history risk in patients' electronic health records.,Misinterpretation of #Question#
Do emergency ultrasound fellowship programs impact emergency medicine residents' ultrasound education?,"[""Recent years have seen a rapid proliferation of emergency ultrasound (EUS) programs in the United States. To date, there is no evidence supporting that EUS fellowships enhance residents' ultrasound (US) educational experiences. The purpose of this study was to determine the impact of EUS fellowships on emergency medicine (EM) residents' US education."", ""We conducted a cross-sectional study at 9 academic medical centers. A questionnaire on US education and bedside US use was pilot tested and given to EM residents. The primary outcomes included the number of US examinations performed, scope of bedside US applications, barriers to residents' US education, and US use in the emergency department. The secondary outcomes were factors that would impact residents' US education. The outcomes were compared between residency programs with and without EUS fellowships."", 'A total of 244 EM residents participated in this study. Thirty percent (95% confidence interval, 24%-35%) reported they had performed more than 150 scans. Residents in programs with EUS fellowships reported performing more scans than those in programs without fellowships (P = .04). Significant differences were noted in most applications of bedside US between residency programs with and without fellowships (P<.05). There were also significant differences in the barriers to US education between residency programs with and without fellowships (P<.05).']",Emergency US fellowship programs had a positive impact on residents' US educational experiences. Emergency medicine residents performed more scans overall and also used bedside US for more advanced applications in programs with EUS fellowships.,easy,Emergency ultrasound fellowship programs do not significantly affect emergency medicine residents' ultrasound education.,Incomplete Information
Patient-Controlled Therapy of Breathlessness in Palliative Care: A New Therapeutic Concept for Opioid Administration?,"['Breathlessness is one of the most distressing symptoms experienced by patients with advanced cancer and noncancer diagnoses alike. Often, severity of breathlessness increases quickly, calling for rapid symptom control. Oral, buccal, and parenteral routes of provider-controlled drug administration have been described. It is unclear whether patient-controlled therapy (PCT) systems would be an additional treatment option.', 'To investigate whether intravenous opioid PCT can be an effective therapeutic method to reduce breathlessness in patients with advanced disease. Secondary aims were to study the feasibility and acceptance of opioid PCT in patients with refractory breathlessness.', 'This was a pilot observational study with 18 inpatients with advanced disease and refractory breathlessness receiving opioid PCT. Breathlessness was measured on a self-reported numeric rating scale. Richmond Agitation Sedation Scale scores, Palliative Performance Scale scores, vital signs, and a self-developed patient satisfaction questionnaire were used for measuring secondary outcomes. Descriptive and interference analyses (Friedman test) and post hoc analyses (Wilcoxon tests and Bonferroni corrections) were performed.', 'Eighteen of 815 patients (advanced cancer; median age\xa0=\xa057.5\xa0years [range 36-81]; 77.8% female) received breathlessness symptom control with opioid PCT; daily morphine equivalent dose at Day 1 was median\xa0=\xa020.3\xa0mg (5.0-49.6\xa0mg); Day 2: 13.0\xa0mg (1.0-78.5\xa0mg); Day 3: 16.0\xa0mg (8.3-47.0\xa0mg). Numeric rating scale of current breathlessness decreased (baseline: median\xa0=\xa05 [range 1-10]; Day 1: median\xa0=\xa04 [range 0-8], P\xa0<\xa00.01; Day 2: median\xa0=\xa04 [range 0-5], P\xa0<\xa00.01). Physiological parameters were stable over time. On Day 3, 12/12 patients confirmed that this mode of application provided relief of breathlessness.']",Opioid PCT is a feasible and acceptable therapeutic method to reduce refractory breathlessness in palliative care patients.,easy,"Opioid patient-controlled therapy (PCT) significantly reduces breathlessness in palliative care patients through mechanisms involving the modulation of serotonin and norepinephrine levels in addition to traditional opioid receptor activation. This dual-action approach provides a more comprehensive reduction in symptoms, enhancing patient comfort.",Misinterpretation of #Question#
Is there still a need for living-related liver transplantation in children?,"['To assess and compare the value of split-liver transplantation (SLT) and living-related liver transplantation (LRT).', 'The concept of SLT results from the development of reduced-size transplantation. A further development of SLT, the in situ split technique, is derived from LRT, which itself marks the optimized outcome in terms of postoperative graft function and survival. The combination of SLT and LRT has abolished deaths on the waiting list, thus raising the question whether living donor liver transplantation is still necessary.', 'Outcomes and postoperative liver function of 43 primary LRT patients were compared with those of 49 primary SLT patients (14 ex situ, 35 in situ) with known graft weight performed between April 1996 and December 2000. Survival rates were analyzed using the Kaplan-Meier method.', 'After a median follow-up of 35 months, actual patient survival rates were 82% in the SLT group and 88% in the LRT group. Actual graft survival rates were 76% and 81%, respectively. The incidence of primary nonfunction was 12% in the SLT group and 2.3% in the LRT group. Liver function parameters (prothrombin time, factor V, bilirubin clearance) and surgical complication rates did not differ significantly. In the SLT group, mean cold ischemic time was longer than in the LRT group. Serum values of alanine aminotransferase during the first postoperative week were significantly higher in the SLT group. In the LRT group, there were more grafts with signs of fatty degeneration than in the SLT group.']","The short- and long-term outcomes after LRT and SLT did not differ significantly. To avoid the risk for the donor in LRT, SLT represents the first-line therapy in pediatric liver transplantation in countries where cadaveric organs are available. LRT provides a solution for urgent cases in which a cadaveric graft cannot be found in time or if the choice of the optimal time point for transplantation is vital.",medium,Living-related liver transplantation remains essential due to its superior graft survival rates and lower incidence of post-transplant complications compared to split-liver transplantation in pediatric patients.,Misinterpretation of #Question#
Do patterns of knowledge and attitudes exist among unvaccinated seniors?,"['To examine patterns of knowledge and attitudes among adults aged>65 years unvaccinated for influenza.', 'Surveyed Medicare beneficiaries in 5 areas; clustered unvaccinated seniors by their immunization related knowledge and attitudes.', 'Identified 4 clusters: Potentials (45%) would receive influenza vaccine to prevent disease; Fearful Uninformeds (9%) were unsure if influenza vaccine causes illness; Doubters (27%) were unsure if vaccine is efficacious; Misinformeds (19%) believed influenza vaccine causes illness. More Potentials (75%) and Misinformeds (70%) ever received influenza vaccine than did Fearful Uninformeds (18%) and Doubters (29%).']",Findings suggest that cluster analyses may be useful in identifying groups for targeted health messages.,hard,Findings indicate that unvaccinated seniors exhibit distinct patterns based on their beliefs and fears regarding the effectiveness and side effects of the influenza vaccine.,Misinterpretation of #Question#
Is there a model to teach and practice retroperitoneoscopic nephrectomy?,"['Although the retroperitoneal approach has been the preferred choice for open urological procedures, retroperitoneoscopy is not the preferred approach for laparoscopy. This study aims to develop a training model for retroperitoneoscopy and to establish an experimental learning curve.', 'Fifteen piglets were operated on to develop a standard retroperitoneoscopic nephrectomy (RPN) training model. All procedures were performed with three ports. Intraoperative data (side, operative time, blood loss, peritoneal opening) were recorded. Animals were divided into groups A, the first eight, and B, the last seven cases. Data were statistically analyzed.', 'We performed fifteen RPNs. The operative time varied from 15 to 50 minutes (median 30 minutes). Blood loss varied from 5 to 100 mL (median 20 mL). We experienced five peritoneal openings; we had two surgical vascular complications managed laparoscopically. There was statistical difference between groups A and B for peritoneal opening (p = 0.025), operative time (p = 0.0037), and blood loss (p = 0.026).', 'RPN in a porcine model could simulate the whole procedure, from creating the space to nephrectomy completion. Experimental learning curve was eight cases, after statistical data analysis.']",RPN in a porcine model is feasible and could be very useful for teaching and practicing retroperitoneoscopy.,hard,A virtual reality-based simulation has been developed and validated for teaching and practicing retroperitoneoscopic nephrectomy.,Misinterpretation of #Question#
Cardiovascular risk in a rural adult West African population: is resting heart rate also relevant?,"['Elevated resting heart rate (RHR) is a neglected marker in cardiovascular risk factor studies of sub-Saharan African populations. This study aimed to determine the prevalence of elevated RHR and other risk factors for cardiovascular disease (CVD) and to investigate any associations between RHR and these risk factors in a rural population in Ghana.', 'Cross-sectional analysis.', 'A total of 574 adults aged between 18-65 years were randomly sampled from a population register. Data collected included those on sociodemographic variables and anthropometric, blood pressure (BP), and RHR measurements. Within-person variability in RHR was calculated using data from repeat measurements taken 2 weeks apart.', 'Of study participants, 36% were male. Prevalence of casual high BP was 19%. In the population, 10% were current cigarette smokers and habitual alcohol use was high at 56%. As measured by body mass index, 2% were obese and 14% had abdominal obesity. RHR was elevated (>90 bpm) in 19%. Overall, 79% of study participants were found to have at least one CVD risk factor. RHR was significantly associated with age, waist circumference, and BP. Individuals with an elevated RHR had a higher risk (OR 1.94, 95% CI 1.15-3.26%, p = 0.013) of casual high BP compared with participants with normal RHR independently of several established CVD risk factors. The regression dilution ratio of RHR was 0.75 (95% CI 0.62-0.89).']",Significant associations were observed between RHR and several established cardiovascular risk factors. Prospective studies are needed in sub-Saharan African populations to establish the potential value of RHR in cardiovascular risk assessment.,medium,"Elevated resting heart rate (RHR) is linked to an increased risk of developing cardiovascular diseases due to its direct impact on arterial stiffness and endothelial dysfunction. Studies suggest that individuals with RHR above 85 beats per minute exhibit enhanced arterial stiffness and impaired endothelial function, contributing to cardiovascular morbidity.",Misinterpretation of #Question#
