sample_id,pubmed_id,ground_truth_label,base_qwen_prediction,correct,yes_score,no_score,maybe_score
1,19608436,yes,maybe,False,-3.609375,-2.984375,-0.10205078125
2,23497210,no,maybe,False,-2.125,-2.5,-0.244140625
3,12068831,no,maybe,False,-2.65625,-2.90625,-0.1494140625
4,27884344,yes,maybe,False,-1.7578125,-3.25,-0.255859375
5,16432652,yes,maybe,False,-0.85546875,-4.09375,-0.60546875
6,22532370,yes,maybe,False,-1.0,-4.25,-0.50390625
7,21739621,yes,maybe,False,-1.0625,-2.6875,-0.55859375
8,20130378,no,maybe,False,-3.90625,-1.53125,-0.28515625
9,24359102,yes,maybe,False,-2.453125,-1.7109375,-0.333984375
10,21669959,yes,maybe,False,-2.25,-2.375,-0.2490234375
11,22972546,no,maybe,False,-4.15625,-1.1640625,-0.416015625
12,16772913,yes,maybe,False,-1.6015625,-1.4765625,-0.60546875
13,26548832,yes,maybe,False,-1.3515625,-2.46875,-0.4765625
14,11053064,no,maybe,False,-2.75,-1.4921875,-0.369140625
15,25592625,no,maybe,False,-3.53125,-2.28125,-0.1533203125
16,9550200,yes,maybe,False,-2.046875,-4.28125,-0.1689453125
17,26867834,yes,maybe,False,-1.28125,-3.28125,-0.408203125
18,22303473,no,no,True,-6.0625,-0.703125,-0.703125
19,24074624,no,maybe,False,-3.28125,-1.2734375,-0.400390625
20,15280782,no,maybe,False,-5.0,-0.9921875,-0.490234375
21,15841770,yes,maybe,False,-3.515625,-1.640625,-0.26953125
22,14713788,yes,maybe,False,-1.5703125,-2.9375,-0.318359375
23,16678696,no,maybe,False,-2.453125,-2.453125,-0.2060546875
24,12377809,yes,yes,True,-0.4609375,-4.21875,-1.0859375
25,20497880,no,maybe,False,-4.65625,-1.5234375,-0.271484375
26,19575307,no,maybe,False,-1.375,-3.125,-0.373046875
27,14612308,no,maybe,False,-2.21875,-2.71875,-0.2158203125
28,28196511,no,maybe,False,-3.625,-2.625,-0.1181640625
29,22644412,yes,maybe,False,-0.90625,-2.78125,-0.65625
30,24237112,yes,maybe,False,-1.0234375,-3.53125,-0.5234375
31,20304513,no,maybe,False,-1.90625,-2.53125,-0.283203125
32,18616781,yes,maybe,False,-0.80078125,-3.546875,-0.67578125
33,21569408,no,maybe,False,-3.0,-1.375,-0.37890625
34,19401574,yes,maybe,False,-1.3203125,-2.578125,-0.44921875
35,21979183,no,maybe,False,-3.984375,-1.734375,-0.232421875
36,9792366,yes,maybe,False,-1.5546875,-3.296875,-0.3046875
37,12970636,no,maybe,False,-1.703125,-2.578125,-0.326171875
38,14968373,yes,maybe,False,-6.03125,-1.921875,-0.169921875
39,19142546,no,maybe,False,-4.96875,-0.84375,-0.59375
40,22513023,no,maybe,False,-5.09375,-1.71875,-0.216796875
41,12607666,yes,maybe,False,-2.328125,-1.8203125,-0.32421875
42,24298614,yes,maybe,False,-2.53125,-2.90625,-0.1630859375
43,25982163,no,maybe,False,-2.921875,-1.2890625,-0.41796875
44,24476003,no,maybe,False,-1.640625,-2.140625,-0.390625
45,20306735,yes,maybe,False,-2.3125,-2.6875,-0.1953125
46,24191126,yes,maybe,False,-1.6875,-2.6875,-0.3125
47,24652474,no,maybe,False,-4.4375,-1.4375,-0.310546875
48,17483607,yes,maybe,False,-1.7734375,-2.90625,-0.275390625
49,16647887,no,maybe,False,-5.625,-0.984375,-0.484375
50,15631914,no,maybe,False,-2.015625,-2.390625,-0.271484375
51,25228241,yes,maybe,False,-1.421875,-2.421875,-0.419921875
52,21952349,yes,maybe,False,-2.234375,-2.359375,-0.2421875
53,19925761,no,maybe,False,-3.09375,-1.46875,-0.341796875
54,20363841,no,maybe,False,-1.6953125,-2.6875,-0.31640625
55,23916653,yes,maybe,False,-1.1953125,-3.078125,-0.447265625
56,23448747,yes,yes,True,-0.75390625,-3.0,-0.75390625
57,26126304,no,maybe,False,-2.765625,-1.890625,-0.263671875
58,11926574,no,maybe,False,-2.21875,-2.59375,-0.220703125
59,17914515,yes,maybe,False,-2.765625,-1.8828125,-0.259765625
60,17559449,no,maybe,False,-2.6875,-1.6875,-0.314453125
61,16498158,yes,maybe,False,-2.921875,-1.671875,-0.29296875
62,22350859,yes,maybe,False,-1.46875,-3.21875,-0.341796875
63,24977765,yes,maybe,False,-2.046875,-2.171875,-0.302734375
64,23517744,yes,maybe,False,-3.046875,-1.6640625,-0.2890625
65,27040842,no,maybe,False,-2.796875,-2.546875,-0.16796875
66,20064872,yes,maybe,False,-2.125,-2.375,-0.255859375
67,8199520,no,maybe,False,-2.78125,-1.78125,-0.28125
68,26852225,no,maybe,False,-1.1484375,-2.640625,-0.51953125
69,21881325,yes,maybe,False,-1.1171875,-3.0,-0.494140625
70,19683101,no,maybe,False,-5.8125,-1.0703125,-0.44140625
71,10375486,no,maybe,False,-3.25,-1.75,-0.251953125
72,12153648,no,maybe,False,-6.09375,-0.984375,-0.482421875
73,23736032,yes,maybe,False,-2.0625,-1.5625,-0.44140625
74,14692023,yes,maybe,False,-1.2890625,-3.15625,-0.4140625
75,11340218,no,maybe,False,-4.15625,-2.15625,-0.154296875
76,15475728,yes,maybe,False,-1.4375,-4.1875,-0.3125
77,23412195,yes,maybe,False,-0.9609375,-2.96875,-0.5859375
78,23240452,no,maybe,False,-8.125,-2.125,-0.130859375
79,24449622,no,maybe,False,-4.78125,-1.5234375,-0.271484375
80,10749257,yes,maybe,False,-0.7734375,-5.28125,-0.6484375
81,24245816,yes,maybe,False,-1.546875,-4.03125,-0.29296875
82,16872243,no,maybe,False,-3.71875,-1.09375,-0.46875
83,26518378,yes,maybe,False,-1.8671875,-1.9921875,-0.3671875
84,23356465,yes,maybe,False,-2.203125,-2.953125,-0.1962890625
85,25475395,yes,maybe,False,-2.453125,-2.453125,-0.2060546875
86,16155169,no,maybe,False,-2.0625,-2.0625,-0.314453125
87,16809243,no,maybe,False,-3.375,-0.875,-0.625
88,19230985,yes,maybe,False,-1.265625,-2.265625,-0.51953125
89,19237087,no,maybe,False,-3.109375,-2.984375,-0.1103515625
90,23621776,no,maybe,False,-3.125,-1.375,-0.373046875
91,27643961,no,maybe,False,-1.75,-3.5,-0.25
92,10811329,yes,maybe,False,-2.421875,-2.796875,-0.177734375
93,24172579,yes,maybe,False,-2.640625,-1.890625,-0.265625
94,17032327,no,maybe,False,-3.4375,-2.0625,-0.189453125
95,20488985,no,maybe,False,-3.9375,-1.4375,-0.3125
96,17894828,yes,maybe,False,-4.78125,-2.03125,-0.16015625
97,24577079,no,maybe,False,-6.03125,-0.91015625,-0.53515625
98,18801797,no,maybe,False,-3.484375,-1.359375,-0.35546875
99,15388567,no,maybe,False,-7.15625,-1.1484375,-0.3984375
100,23495128,yes,maybe,False,-1.1875,-3.4375,-0.439453125
