sample_id,pubmed_id,ground_truth_label,pubmedqa_lora_prediction,correct,yes_score,no_score,maybe_score
1,19608436,yes,yes,True,-0.166015625,-3.421875,-2.171875
2,23497210,no,yes,False,-0.62890625,-1.75,-1.25
3,12068831,no,yes,False,-0.6171875,-1.6171875,-1.3671875
4,27884344,yes,yes,True,-0.09619140625,-4.21875,-2.59375
5,16432652,yes,yes,True,-0.051513671875,-6.1875,-3.046875
6,22532370,yes,yes,True,-0.11328125,-4.5,-2.359375
7,21739621,yes,yes,True,-0.11083984375,-3.359375,-2.734375
8,20130378,no,no,True,-1.96875,-0.46875,-1.46875
9,24359102,yes,no,False,-1.09375,-0.84375,-1.46875
10,21669959,yes,yes,True,-0.169921875,-3.796875,-2.046875
11,22972546,no,no,True,-3.875,-0.25390625,-1.6328125
12,16772913,yes,yes,True,-0.09228515625,-3.59375,-2.84375
13,26548832,yes,yes,True,-0.1376953125,-2.765625,-2.765625
14,11053064,no,yes,False,-0.369140625,-2.25,-1.6171875
15,25592625,no,no,True,-1.4921875,-0.73828125,-1.2421875
16,9550200,yes,yes,True,-0.330078125,-3.203125,-1.453125
17,26867834,yes,yes,True,-0.1318359375,-3.625,-2.375
18,22303473,no,no,True,-9.125,-0.01806640625,-4.15625
19,24074624,no,no,True,-5.34375,-0.0849609375,-2.578125
20,15280782,no,no,True,-6.78125,-0.04052734375,-3.296875
21,15841770,yes,yes,True,-0.2236328125,-2.84375,-1.9765625
22,14713788,yes,yes,True,-0.484375,-2.109375,-1.359375
23,16678696,no,no,True,-1.1640625,-0.91796875,-1.2890625
24,12377809,yes,yes,True,-0.0291748046875,-6.53125,-3.65625
25,20497880,no,no,True,-5.40625,-0.1669921875,-1.9140625
26,19575307,no,yes,False,-0.88671875,-1.0078125,-1.5078125
27,14612308,no,yes,False,-0.7109375,-1.4609375,-1.3359375
28,28196511,no,no,True,-2.65625,-0.65625,-0.90625
29,22644412,yes,yes,True,-0.39453125,-1.765625,-1.890625
30,24237112,yes,yes,True,-0.11865234375,-4.5,-2.375
31,20304513,no,yes,False,-0.53515625,-1.53125,-1.65625
32,18616781,yes,yes,True,-0.06689453125,-6.6875,-2.8125
33,21569408,no,no,True,-4.1875,-0.0654296875,-3.0625
34,19401574,yes,yes,True,-0.2353515625,-2.109375,-2.484375
35,21979183,no,no,True,-4.46875,-0.10498046875,-2.484375
36,9792366,yes,yes,True,-0.1513671875,-4.03125,-2.15625
37,12970636,no,yes,False,-0.251953125,-2.75,-1.875
38,14968373,yes,yes,True,-0.6875,-1.6875,-1.1875
39,19142546,no,no,True,-4.78125,-0.043212890625,-3.421875
40,22513023,no,no,True,-6.0,-0.1171875,-2.234375
41,12607666,yes,yes,True,-0.32421875,-2.203125,-1.8203125
42,24298614,yes,yes,True,-0.2890625,-2.53125,-1.7890625
43,25982163,no,no,True,-5.3125,-0.055419921875,-3.0625
44,24476003,no,yes,False,-0.10498046875,-3.734375,-2.609375
45,20306735,yes,yes,True,-0.3125,-2.9375,-1.5625
46,24191126,yes,yes,True,-0.0654296875,-4.1875,-3.0625
47,24652474,no,no,True,-2.5625,-0.5625,-1.0625
48,17483607,yes,yes,True,-0.74609375,-1.125,-1.625
49,16647887,no,no,True,-6.65625,-0.0159912109375,-4.28125
50,15631914,no,no,True,-3.46875,-0.21484375,-1.8359375
51,25228241,yes,yes,True,-0.11083984375,-3.984375,-2.484375
52,21952349,yes,yes,True,-0.275390625,-2.28125,-2.03125
53,19925761,no,no,True,-1.8125,-0.310546875,-2.3125
54,20363841,no,yes,False,-0.16015625,-2.90625,-2.40625
55,23916653,yes,yes,True,-0.251953125,-3.875,-1.625
56,23448747,yes,yes,True,-0.042236328125,-5.90625,-3.421875
57,26126304,no,yes,False,-0.2021484375,-2.953125,-2.078125
58,11926574,no,no,True,-1.453125,-0.703125,-1.328125
59,17914515,yes,yes,True,-0.625,-1.25,-1.75
60,17559449,no,no,True,-1.8203125,-0.5703125,-1.3203125
61,16498158,yes,no,False,-1.6484375,-0.396484375,-2.015625
62,22350859,yes,yes,True,-0.146484375,-4.15625,-2.140625
63,24977765,yes,yes,True,-0.5859375,-1.4609375,-1.5859375
64,23517744,yes,no,False,-1.421875,-0.671875,-1.421875
65,27040842,no,no,True,-2.5625,-0.310546875,-1.6875
66,20064872,yes,yes,True,-0.1865234375,-3.8125,-1.9375
67,8199520,no,no,True,-1.265625,-0.76953125,-1.515625
68,26852225,no,yes,False,-0.482421875,-1.609375,-1.734375
69,21881325,yes,yes,True,-0.030517578125,-6.65625,-3.65625
70,19683101,no,no,True,-7.65625,-0.040283203125,-3.296875
71,10375486,no,no,True,-3.03125,-0.279296875,-1.65625
72,12153648,no,no,True,-6.65625,-0.0322265625,-3.53125
73,23736032,yes,yes,True,-0.25390625,-2.5,-2.0
74,14692023,yes,yes,True,-0.64453125,-1.8984375,-1.1484375
75,11340218,no,no,True,-2.515625,-0.51953125,-1.1484375
76,15475728,yes,yes,True,-0.140625,-4.5,-2.140625
77,23412195,yes,yes,True,-0.060302734375,-5.6875,-2.9375
78,23240452,no,no,True,-8.4375,-0.07080078125,-2.703125
79,24449622,no,no,True,-7.0625,-0.057861328125,-2.9375
80,10749257,yes,yes,True,-0.0537109375,-5.6875,-3.046875
81,24245816,yes,yes,True,-0.169921875,-3.796875,-2.046875
82,16872243,no,no,True,-1.296875,-0.80078125,-1.296875
83,26518378,yes,yes,True,-0.39453125,-2.140625,-1.640625
84,23356465,yes,yes,True,-0.51171875,-2.640625,-1.140625
85,25475395,yes,no,False,-1.3984375,-0.7734375,-1.2734375
86,16155169,no,no,True,-3.203125,-0.20703125,-1.953125
87,16809243,no,no,True,-7.53125,-0.0166015625,-4.28125
88,19230985,yes,yes,True,-0.041015625,-5.03125,-3.546875
89,19237087,no,no,True,-4.6875,-0.19140625,-1.8203125
90,23621776,no,no,True,-5.125,-0.134765625,-2.140625
91,27643961,no,yes,False,-0.1552734375,-3.28125,-2.28125
92,10811329,yes,yes,True,-0.150390625,-3.40625,-2.28125
93,24172579,yes,no,False,-1.6328125,-0.5078125,-1.6328125
94,17032327,no,no,True,-1.8125,-0.30859375,-2.3125
95,20488985,no,no,True,-4.28125,-0.271484375,-1.5234375
96,17894828,yes,no,False,-2.875,-0.494140625,-1.1171875
97,24577079,no,no,True,-6.34375,-0.0927734375,-2.46875
98,18801797,no,no,True,-6.6875,-0.064453125,-2.8125
99,15388567,no,no,True,-5.0,-0.138671875,-2.140625
100,23495128,yes,yes,True,-0.294921875,-3.296875,-1.546875
