threshold,accuracy,precision,recall,f1_score
0.3,0.7053244061852383,1.0,0.40923617769255355,0.5807914729561174
0.31,0.7139858653488496,1.0,0.4266006178757857,0.5980659373483179
0.32,0.7228067378713002,1.0,0.44428464898263553,0.615231421722294
0.33,0.7310430947446729,1.0,0.46079684670288695,0.6308842297174111
0.34,0.7398905361602636,1.0,0.4785341429636732,0.6473088839253549
0.35,0.7470641373080398,1.0,0.4929157345264728,0.6603396603396603
0.36,0.7552207875019926,1.0,0.5092681367849153,0.674854420328216
0.37,0.763271162123386,1.0,0.5254074784276127,0.688874921433061
0.38,0.77108241670652,1.0,0.5410674336848833,0.702198257984239
0.39,0.7787342579308146,1.0,0.5564077980185362,0.7149897330595483
0.4,0.7857484457197513,1.0,0.5704697986577181,0.7264957264957265
0.41,0.7926563579361284,1.0,0.5843187386811548,0.7376277568585261
0.42,0.7998830968701844,1.0,0.598806860551827,0.7490671641791045
0.43,0.8064456134757426,1.0,0.6119633535740918,0.7592770049235039
0.44,0.8130612678675806,1.0,0.6252263769042292,0.7694022024121657
0.45,0.8188798554652214,1.0,0.6368914456162779,0.7781718785591097
0.46,0.824113927413784,1.0,0.647384680941728,0.7859544749094671
0.47,0.8290823104309475,1.0,0.6573452647278151,0.7932508436445445
0.48,0.8345820713109092,1.0,0.668371151592628,0.8012259753527872
0.49,0.8393113342898135,1.0,0.6778523489932886,0.808
0.5,0.8441468728412774,1.0,0.6875466070096943,0.8148475475033142
0.51,0.8495934959349594,1.0,0.6984659635666347,0.8224668360146768
0.52,0.8539507944099048,1.0,0.707201448812187,0.8284920907303984
0.53,0.8586269196025293,1.0,0.7165761159049749,0.8348899990691035
0.54,0.8628513736117753,1.0,0.7250452753808458,0.8406101401840301
0.55,0.8667835697964823,1.0,0.7329285181634175,0.8458843056494744
0.56,0.8710080238057283,1.0,0.7413976776392884,0.8514972624109136
0.57,0.8752590467081142,1.0,0.7499201022690956,0.8570906766505342
0.58,0.8796694829693394,1.0,0.7587621178225205,0.8628365486538054
0.59,0.8838142302991657,1.0,0.7670714818365825,0.8681838733986436
0.6,0.8880918220946915,1.0,0.775647171620326,0.8736501079913607
0.61,0.8917583293479994,1.0,0.7829977628635347,0.8782936010037641
0.62,0.8954514054944471,1.0,0.7904016192606796,0.8829321988516348
0.63,0.8996492906105532,1.0,0.7988175135826142,0.8881584791685173
0.64,0.9034752112227005,1.0,0.8064876957494407,0.8928792569659443
0.65,0.9068494606514692,1.0,0.8132523702993502,0.8970095764056166
0.66,0.9103034167596578,1.0,0.8201768403110685,0.9012056654570993
0.67,0.9135979595090069,1.0,0.8267817193991691,0.9051784464660602
0.68,0.9169987778309155,1.0,0.8335996591030148,0.9092493609109923
0.69,0.9207449917636431,1.0,0.8411100458080324,0.9136988282945175
0.7,0.9237472766884531,1.0,0.8471290082028337,0.9172385950746871
0.71,0.9273872150486211,1.0,0.8544263342921061,0.9214993537268419
0.72,0.9303363621871513,1.0,0.8603387663790348,0.9249269884899501
0.73,0.9335246293639407,1.0,0.8667305848513902,0.928608115048793
0.74,0.9363675009299113,1.0,0.8724299563225738,0.9318692572468922
0.75,0.9399011637175195,1.0,0.879514221796101,0.935895255908859
0.76,0.9430097242148892,1.0,0.8857462448066475,0.9394119142445555
0.77,0.9457197513151602,1.0,0.8911792905081496,0.9424588086185044
0.78,0.9484297784154312,1.0,0.8966123362096516,0.945488246693066
0.79,0.9507678410117435,1.0,0.9012996697560456,0.9480879675024513
0.8,0.9535841436845741,1.0,0.9069457760732929,0.9512024803776431
0.81,0.9560816196397258,1.0,0.9119527005433046,0.9539490179690765
0.82,0.9588979223125564,1.0,0.9175988068605518,0.9570289714174606
0.83,0.9615813805196876,1.0,0.9229785874081176,0.9599468173508393
0.84,0.9640522875816994,1.0,0.927932246724193,0.9626191462909242
0.85,0.9670280036133695,1.0,0.9338979439650581,0.9658192635029058
0.86,0.969286359530262,1.0,0.9384254820496432,0.9682347768740382
0.87,0.9723417822413518,1.0,0.9445509747523171,0.9714849207001397
0.88,0.9749721026622031,1.0,0.9498242249920102,0.9742665136862809
0.89,0.9774695786173548,1.0,0.954831149462022,0.9768937329700272
0.9,0.9797279345342473,1.0,0.959358687546607,0.9792578496669838
