threshold,train_accuracy,train_precision,train_recall,train_f1_score
0.95,0.9904322115544334,1.0,0.9808127914723518,0.990313466971613
0.94,0.9887711371715225,1.0,0.9774816788807462,0.9886126271814568
0.93,0.9866117404737385,1.0,0.9731512325116589,0.9863929499949353
0.92,0.9840536859240557,1.0,0.9680213191205863,0.983750846310088
0.91,0.9818942892262715,1.0,0.963690872751499,0.981509754028838
0.9,0.9798013355038039,1.0,0.959493670886076,0.979328165374677
0.89,0.9775090528553869,1.0,0.9548967355096603,0.9769280577991344
0.88,0.974784890867413,1.0,0.9494337108594271,0.9740610368750213
0.87,0.9721603933424139,1.0,0.9441705529646902,0.9712836680145295
0.86,0.9691040164778579,1.0,0.9380413057961359,0.968030250945342
0.85,0.9669446197800737,1.0,0.9337108594270487,0.9657192075796727
0.84,0.9638882429155178,1.0,0.9275816122584943,0.9624304427470363
0.83,0.9612637453905186,1.0,0.9223184543637575,0.9595896582796146
0.82,0.9584399189395701,1.0,0.916655562958028,0.9565156939761549
0.81,0.9556493139762798,1.0,0.9110592938041305,0.9534599965138574
0.8,0.9531244809142554,1.0,0.9059960026648901,0.950679855989374
0.79,0.9503338759509651,1.0,0.9003997335109927,0.9475898334794041
0.78,0.9481412577655227,1.0,0.8960026648900733,0.9451491619522823
0.77,0.9456496461911564,1.0,0.8910059960026648,0.9423618940248027
0.76,0.942825819740208,1.0,0.8853431045969353,0.9391851302166154
0.75,0.9396033354373609,1.0,0.8788807461692205,0.9355364867739877
0.74,0.9360818577455898,1.0,0.8718187874750166,0.9315205011389521
0.73,0.9332248098069832,1.0,0.866089273817455,0.9282399143163156
0.72,0.9302016544300854,1.0,0.8600266489007329,0.9247465883448548
0.71,0.9273113850038205,1.0,0.8542305129913391,0.921385455590687
0.7,0.9235241354107837,1.0,0.8466355762824783,0.9169492748394545
0.69,0.9204677585462278,1.0,0.8405063291139241,0.9133425034387895
0.68,0.9167469519285073,1.0,0.8330446369087275,0.9089190957330814
0.67,0.9133583601873692,1.0,0.826249167221852,0.9048591857580621
0.66,0.9101690973721803,1.0,0.8198534310459693,0.9010103968370186
0.65,0.9063818477791435,1.0,0.8122584943371086,0.8964046761267553
0.64,0.9030264775256636,1.0,0.8055296469020653,0.8922917973506512
0.63,0.8992060064449686,1.0,0.7978680879413724,0.887571333283925
0.62,0.8947875485864257,1.0,0.7890073284477015,0.8820615946076789
0.61,0.8912660708946547,1.0,0.7819453697534977,0.8776311362021909
0.6,0.8878774791535164,1.0,0.7751499000666222,0.8733345843497842
0.59,0.8834257998073154,1.0,0.7662225183211192,0.8676398476104259
0.58,0.8790737849240889,1.0,0.7574950033311126,0.8620166793025019
0.57,0.8746553270655459,1.0,0.7486342438374417,0.856250238122452
0.56,0.8704361981329524,1.0,0.7401732178547635,0.8506891271056661
0.55,0.8662835121756752,1.0,0.7318454363757495,0.8451625312560108
0.54,0.8621972691937145,1.0,0.7236508994003997,0.8396722325293754
0.53,0.8581110262117537,1.0,0.71545636242505,0.8341294807565343
0.52,0.853559682402578,1.0,0.7063291139240506,0.827893175074184
0.51,0.8493405534699844,1.0,0.6978680879413725,0.8220521875613106
0.5,0.8437593435434039,1.0,0.6866755496335776,0.8142354939368803
0.49,0.8389090063453042,1.0,0.6769487008660893,0.8073576735131699
0.48,0.8339257831965715,1.0,0.6669553630912725,0.8002078254266416
0.47,0.8285771236835986,1.0,0.6562291805463024,0.7924376508447305
0.46,0.823294907145942,1.0,0.6456362425049966,0.7846645884781993
0.45,0.8181787980465766,1.0,0.6353764157228514,0.7770399641504053
0.44,0.8118667153915152,1.0,0.6227181878747502,0.7675001026398982
0.43,0.8052224178598718,1.0,0.6093937375083278,0.7572960218570187
0.42,0.7987110062788612,1.0,0.5963357761492338,0.7471307541421477
0.41,0.7913690575063952,1.0,0.5816122584943371,0.7354675652906487
0.4,0.7846250955117771,1.0,0.5680879413724184,0.7245613289714067
0.39,0.7773495897146274,1.0,0.5534976682211858,0.7125825542499357
0.38,0.7698747549915286,1.0,0.5385076615589607,0.7000389728489153
0.37,0.762001262416531,1.0,0.5227181878747502,0.6865593279663983
0.36,0.7540613268662171,1.0,0.5067954696868754,0.6726798425962771
0.35,0.7458556194146374,1.0,0.49033977348434377,0.6580241394725078
0.34,0.7389455499817282,1.0,0.4764823451032645,0.6454291128959481
0.33,0.729743197900402,1.0,0.4580279813457695,0.6282842129312315
0.32,0.721338161522873,1.0,0.44117255163224517,0.612241124260355
0.31,0.7125676887811037,1.0,0.4235842771485676,0.5950954698614751
0.3,0.7038636590146506,1.0,0.4061292471685543,0.577655642945134
