cross_case_id,source_sample_id,pubmed_id,pubmedqa_ground_truth,case_type,expected_medhalt_label,predicted_medhalt_label,correct,score_supported,score_hallucinated,confidence_margin,research_question,candidate_answer
1,6,22532370,yes,aligned_candidate,supported,supported,True,-0.0010223388671875,-3.8125005960464478,3.8114782571792603,Are increased carotid artery pulsatility and resistance indexes early signs of vascular abnormalities in young obese males?,"Yes. Based on the supplied research evidence, the answer to the research question is yes."
2,6,22532370,yes,contradictory_candidate,hallucinated,hallucinated,True,-2.9375,-0.028078317642211914,2.909421682357788,Are increased carotid artery pulsatility and resistance indexes early signs of vascular abnormalities in young obese males?,"No. Based on the supplied research evidence, the answer to the research question is no."
3,7,21739621,yes,aligned_candidate,supported,supported,True,-0.0005340576171875,-4.687501430511475,4.686967372894287,"Does obesity predict knee pain over fourteen years in women, independently of radiographic changes?","Yes. Based on the supplied research evidence, the answer to the research question is yes."
4,7,21739621,yes,contradictory_candidate,hallucinated,hallucinated,True,-0.63671875,-0.3808627128601074,0.2558560371398926,"Does obesity predict knee pain over fourteen years in women, independently of radiographic changes?","No. Based on the supplied research evidence, the answer to the research question is no."
5,10,21669959,yes,aligned_candidate,supported,supported,True,-0.0017242431640625,-3.5625011920928955,3.560776948928833,Secondhand smoke risk in infants discharged from an NICU: potential for significant health disparities?,"Yes. Based on the supplied research evidence, the answer to the research question is yes."
6,10,21669959,yes,contradictory_candidate,hallucinated,supported,False,-0.01953125,-2.078127086162567,2.058595836162567,Secondhand smoke risk in infants discharged from an NICU: potential for significant health disparities?,"No. Based on the supplied research evidence, the answer to the research question is no."
7,11,22972546,no,aligned_candidate,supported,supported,True,-0.185546875,-0.9062530398368835,0.7207061648368835,Do approved doctors and medical referees in the UK agree when assessing a seafarer's fitness?,"No. Based on the supplied research evidence, the answer to the research question is no."
8,11,22972546,no,contradictory_candidate,hallucinated,supported,False,-0.0013275146484375,-3.7500011324882507,3.7486736178398132,Do approved doctors and medical referees in the UK agree when assessing a seafarer's fitness?,"Yes. Based on the supplied research evidence, the answer to the research question is yes."
9,13,26548832,yes,aligned_candidate,supported,supported,True,-0.0005340576171875,-4.500001132488251,4.499467074871063,Assessing Patient Reported Outcomes Measures via Phone Interviews Versus Patient Self-Survey in the Clinic: Are We Measuring the Same Thing?,"Yes. Based on the supplied research evidence, the answer to the research question is yes."
10,13,26548832,yes,contradictory_candidate,hallucinated,supported,False,-0.390625,-0.5703161954879761,0.17969119548797607,Assessing Patient Reported Outcomes Measures via Phone Interviews Versus Patient Self-Survey in the Clinic: Are We Measuring the Same Thing?,"No. Based on the supplied research evidence, the answer to the research question is no."
11,14,11053064,no,aligned_candidate,supported,hallucinated,False,-1.8046875,-0.09082227945327759,1.7138652205467224,Fatigue in primary Sjögren's syndrome: is there a link with the fibromyalgia syndrome?,"No. Based on the supplied research evidence, the answer to the research question is no."
12,14,11053064,no,contradictory_candidate,hallucinated,supported,False,-0.0023956298828125,-3.1875014305114746,3.185105800628662,Fatigue in primary Sjögren's syndrome: is there a link with the fibromyalgia syndrome?,"Yes. Based on the supplied research evidence, the answer to the research question is yes."
13,16,9550200,yes,aligned_candidate,supported,supported,True,-0.00070953369140625,-4.375001609325409,4.374292075634003,Does lunar position influence the time of delivery?,"Yes. Based on the supplied research evidence, the answer to the research question is yes."
14,16,9550200,yes,contradictory_candidate,hallucinated,hallucinated,True,-6.5,-0.0009014606475830078,6.499098539352417,Does lunar position influence the time of delivery?,"No. Based on the supplied research evidence, the answer to the research question is no."
15,18,22303473,no,aligned_candidate,supported,supported,True,-0.0732421875,-1.3515632152557373,1.2783210277557373,Does a family meetings intervention prevent depression and anxiety in family caregivers of dementia patients?,"No. Based on the supplied research evidence, the answer to the research question is no."
16,18,22303473,no,contradictory_candidate,hallucinated,supported,False,-0.0400390625,-1.6484383940696716,1.6083993315696716,Does a family meetings intervention prevent depression and anxiety in family caregivers of dementia patients?,"Yes. Based on the supplied research evidence, the answer to the research question is yes."
17,20,15280782,no,aligned_candidate,supported,supported,True,-0.00025177001953125,-5.843751072883606,5.843499302864075,Is unsafe sexual behaviour increasing among HIV-infected individuals?,"No. Based on the supplied research evidence, the answer to the research question is no."
18,20,15280782,no,contradictory_candidate,hallucinated,supported,False,-0.04052734375,-1.6484408974647522,1.6079135537147522,Is unsafe sexual behaviour increasing among HIV-infected individuals?,"Yes. Based on the supplied research evidence, the answer to the research question is yes."
19,22,14713788,yes,aligned_candidate,supported,supported,True,-0.0025787353515625,-3.250001072883606,3.2474223375320435,Is year of radical prostatectomy a predictor of outcome in prostate cancer?,"Yes. Based on the supplied research evidence, the answer to the research question is yes."
20,22,14713788,yes,contradictory_candidate,hallucinated,hallucinated,True,-4.375,-0.006533324718475342,4.368466675281525,Is year of radical prostatectomy a predictor of outcome in prostate cancer?,"No. Based on the supplied research evidence, the answer to the research question is no."
21,23,16678696,no,aligned_candidate,supported,hallucinated,False,-2.703125,-0.035648465156555176,2.667476534843445,Continuity of care experience of residents in an academic vascular department: are trainees learning complete surgical care?,"No. Based on the supplied research evidence, the answer to the research question is no."
22,23,16678696,no,contradictory_candidate,hallucinated,supported,False,-0.000705718994140625,-4.437501549720764,4.4367958307266235,Continuity of care experience of residents in an academic vascular department: are trainees learning complete surgical care?,"Yes. Based on the supplied research evidence, the answer to the research question is yes."
23,24,12377809,yes,aligned_candidate,supported,supported,True,-0.000545501708984375,-4.6250017285346985,4.624456226825714,Is anorectal endosonography valuable in dyschesia?,"Yes. Based on the supplied research evidence, the answer to the research question is yes."
24,24,12377809,yes,contradictory_candidate,hallucinated,hallucinated,True,-5.5,-0.00220334529876709,5.497796654701233,Is anorectal endosonography valuable in dyschesia?,"No. Based on the supplied research evidence, the answer to the research question is no."
25,27,14612308,no,aligned_candidate,supported,hallucinated,False,-4.03125,-0.009464144706726074,4.021785855293274,Can PRISM predict length of PICU stay?,"No. Based on the supplied research evidence, the answer to the research question is no."
26,27,14612308,no,contradictory_candidate,hallucinated,supported,False,-0.000621795654296875,-4.375001072883606,4.374379277229309,Can PRISM predict length of PICU stay?,"Yes. Based on the supplied research evidence, the answer to the research question is yes."
27,28,28196511,no,aligned_candidate,supported,supported,True,-0.00799560546875,-2.562501072883606,2.554505467414856,"Antiretroviral therapy related adverse effects: Can sub-Saharan Africa cope with the new ""test and treat"" policy of the World Health Organization?","No. Based on the supplied research evidence, the answer to the research question is no."
28,28,28196511,no,contradictory_candidate,hallucinated,supported,False,-0.00128173828125,-3.812500774860382,3.811219036579132,"Antiretroviral therapy related adverse effects: Can sub-Saharan Africa cope with the new ""test and treat"" policy of the World Health Organization?","Yes. Based on the supplied research evidence, the answer to the research question is yes."
29,30,24237112,yes,aligned_candidate,supported,supported,True,-0.00098419189453125,-3.8750005960464478,3.8740164041519165,Do provider service networks result in lower expenditures compared with HMOs or primary care case management in Florida's Medicaid program?,"Yes. Based on the supplied research evidence, the answer to the research question is yes."
30,30,24237112,yes,contradictory_candidate,hallucinated,hallucinated,True,-2.8125,-0.031495511531829834,2.78100448846817,Do provider service networks result in lower expenditures compared with HMOs or primary care case management in Florida's Medicaid program?,"No. Based on the supplied research evidence, the answer to the research question is no."
31,32,18616781,yes,aligned_candidate,supported,supported,True,-0.000736236572265625,-4.187501609325409,4.186765372753143,Is there a relationship between homocysteine and vitiligo?,"Yes. Based on the supplied research evidence, the answer to the research question is yes."
32,32,18616781,yes,contradictory_candidate,hallucinated,hallucinated,True,-3.28125,-0.019534587860107422,3.2617154121398926,Is there a relationship between homocysteine and vitiligo?,"No. Based on the supplied research evidence, the answer to the research question is no."
33,33,21569408,no,aligned_candidate,supported,supported,True,-0.00787353515625,-2.562503218650818,2.554629683494568,Does context matter for the relationship between deprivation and all-cause mortality?,"No. Based on the supplied research evidence, the answer to the research question is no."
34,33,21569408,no,contradictory_candidate,hallucinated,supported,False,-0.00162506103515625,-3.5625023245811462,3.56087726354599,Does context matter for the relationship between deprivation and all-cause mortality?,"Yes. Based on the supplied research evidence, the answer to the research question is yes."
35,34,19401574,yes,aligned_candidate,supported,supported,True,-0.0014190673828125,-3.6250011920928955,3.623582124710083,Gadofosveset-enhanced MR angiography of carotid arteries: does steady-state imaging improve accuracy of first-pass imaging?,"Yes. Based on the supplied research evidence, the answer to the research question is yes."
36,34,19401574,yes,contradictory_candidate,hallucinated,hallucinated,True,-5.5,-0.0021848082542419434,5.497815191745758,Gadofosveset-enhanced MR angiography of carotid arteries: does steady-state imaging improve accuracy of first-pass imaging?,"No. Based on the supplied research evidence, the answer to the research question is no."
37,35,21979183,no,aligned_candidate,supported,supported,True,-0.004791259765625,-2.875001549720764,2.870210289955139,Does intra-abdominal desmoid disease affect patients with an ileal pouch differently than those with an ileorectal anastomosis?,"No. Based on the supplied research evidence, the answer to the research question is no."
38,35,21979183,no,contradictory_candidate,hallucinated,supported,False,-0.001922607421875,-3.4375014901161194,3.4355788826942444,Does intra-abdominal desmoid disease affect patients with an ileal pouch differently than those with an ileorectal anastomosis?,"Yes. Based on the supplied research evidence, the answer to the research question is yes."
39,37,12970636,no,aligned_candidate,supported,supported,True,-0.353515625,-0.6132839322090149,0.2597683072090149,Does early discharge with nurse home visits affect adequacy of newborn metabolic screening?,"No. Based on the supplied research evidence, the answer to the research question is no."
40,37,12970636,no,contradictory_candidate,hallucinated,supported,False,-0.000789642333984375,-4.18750125169754,4.186711609363556,Does early discharge with nurse home visits affect adequacy of newborn metabolic screening?,"Yes. Based on the supplied research evidence, the answer to the research question is yes."
41,38,14968373,yes,aligned_candidate,supported,supported,True,-0.00469970703125,-2.8125025033950806,2.8078027963638306,Can CT predict the level of CSF block in tuberculous hydrocephalus?,"Yes. Based on the supplied research evidence, the answer to the research question is yes."
42,38,14968373,yes,contradictory_candidate,hallucinated,hallucinated,True,-1.9140625,-0.08154720067977905,1.832515299320221,Can CT predict the level of CSF block in tuberculous hydrocephalus?,"No. Based on the supplied research evidence, the answer to the research question is no."
43,40,22513023,no,aligned_candidate,supported,supported,True,-0.00213623046875,-3.4375007152557373,3.4353644847869873,Do Indigenous Australians age prematurely?,"No. Based on the supplied research evidence, the answer to the research question is no."
44,40,22513023,no,contradictory_candidate,hallucinated,supported,False,-0.005279541015625,-2.7500008940696716,2.7447213530540466,Do Indigenous Australians age prematurely?,"Yes. Based on the supplied research evidence, the answer to the research question is yes."
45,48,17483607,yes,aligned_candidate,supported,supported,True,-0.01409912109375,-2.1875035762786865,2.1734044551849365,Does topical N-acetylcysteine application after myringotomy cause severe otorrhea?,"Yes. Based on the supplied research evidence, the answer to the research question is yes."
46,48,17483607,yes,contradictory_candidate,hallucinated,supported,False,-0.041748046875,-1.6484412550926208,1.6066932082176208,Does topical N-acetylcysteine application after myringotomy cause severe otorrhea?,"No. Based on the supplied research evidence, the answer to the research question is no."
47,50,15631914,no,aligned_candidate,supported,supported,True,-0.00049591064453125,-4.750001609325409,4.749505698680878,Is the clinically positive axilla in breast cancer really a contraindication to sentinel lymph node biopsy?,"No. Based on the supplied research evidence, the answer to the research question is no."
48,50,15631914,no,contradictory_candidate,hallucinated,supported,False,-0.0250244140625,-1.890627682209015,1.865603268146515,Is the clinically positive axilla in breast cancer really a contraindication to sentinel lymph node biopsy?,"Yes. Based on the supplied research evidence, the answer to the research question is yes."
49,51,25228241,yes,aligned_candidate,supported,supported,True,-0.002838134765625,-3.125002443790436,3.122164309024811,Elephant trunk in a small-calibre true lumen for chronic aortic dissection: cause of haemolytic anaemia?,"Yes. Based on the supplied research evidence, the answer to the research question is yes."
50,51,25228241,yes,contradictory_candidate,hallucinated,supported,False,-0.026123046875,-1.890627384185791,1.864504337310791,Elephant trunk in a small-calibre true lumen for chronic aortic dissection: cause of haemolytic anaemia?,"No. Based on the supplied research evidence, the answer to the research question is no."
51,52,21952349,yes,aligned_candidate,supported,supported,True,-0.00070953369140625,-4.250001490116119,4.249291956424713,Remote ischemic postconditioning: does it protect against ischemic damage in percutaneous coronary revascularization?,"Yes. Based on the supplied research evidence, the answer to the research question is yes."
52,52,21952349,yes,contradictory_candidate,hallucinated,hallucinated,True,-2.46875,-0.045412421226501465,2.4233375787734985,Remote ischemic postconditioning: does it protect against ischemic damage in percutaneous coronary revascularization?,"No. Based on the supplied research evidence, the answer to the research question is no."
53,53,19925761,no,aligned_candidate,supported,supported,True,-0.00180816650390625,-3.625001907348633,3.6231937408447266,Diagnostic and therapeutic ureteroscopy: is dilatation of ureteral meatus always necessary?,"No. Based on the supplied research evidence, the answer to the research question is no."
54,53,19925761,no,contradictory_candidate,hallucinated,supported,False,-0.00164794921875,-3.5000025629997253,3.4983546137809753,Diagnostic and therapeutic ureteroscopy: is dilatation of ureteral meatus always necessary?,"Yes. Based on the supplied research evidence, the answer to the research question is yes."
55,54,20363841,no,aligned_candidate,supported,supported,True,-0.06689453125,-1.406252145767212,1.339357614517212,Do symptoms predict COPD in smokers?,"No. Based on the supplied research evidence, the answer to the research question is no."
56,54,20363841,no,contradictory_candidate,hallucinated,supported,False,-0.00138092041015625,-3.6875011324882507,3.6861202120780945,Do symptoms predict COPD in smokers?,"Yes. Based on the supplied research evidence, the answer to the research question is yes."
57,61,16498158,yes,aligned_candidate,supported,supported,True,-0.002593994140625,-3.1875028014183044,3.1849088072776794,Is atropine needed with ketamine sedation?,"Yes. Based on the supplied research evidence, the answer to the research question is yes."
58,61,16498158,yes,contradictory_candidate,hallucinated,supported,False,-0.008544921875,-2.500003218650818,2.491458296775818,Is atropine needed with ketamine sedation?,"No. Based on the supplied research evidence, the answer to the research question is no."
59,62,22350859,yes,aligned_candidate,supported,supported,True,-0.0008544921875,-4.187500596046448,4.186646103858948,Can pictorial warning labels on cigarette packages address smoking-related health disparities?,"Yes. Based on the supplied research evidence, the answer to the research question is yes."
60,62,22350859,yes,contradictory_candidate,hallucinated,hallucinated,True,-2.125,-0.06445574760437012,2.06054425239563,Can pictorial warning labels on cigarette packages address smoking-related health disparities?,"No. Based on the supplied research evidence, the answer to the research question is no."
61,63,24977765,yes,aligned_candidate,supported,supported,True,-0.000667572021484375,-4.437502205371857,4.436834633350372,Are pediatric concussion patients compliant with discharge instructions?,"Yes. Based on the supplied research evidence, the answer to the research question is yes."
62,63,24977765,yes,contradictory_candidate,hallucinated,supported,False,-0.35546875,-0.6132848262786865,0.2578160762786865,Are pediatric concussion patients compliant with discharge instructions?,"No. Based on the supplied research evidence, the answer to the research question is no."
63,65,27040842,no,aligned_candidate,supported,supported,True,-0.00124359130859375,-3.937501609325409,3.936258018016815,Does septoplasty change the dimensions of compensatory hypertrophy of the middle turbinate?,"No. Based on the supplied research evidence, the answer to the research question is no."
64,65,27040842,no,contradictory_candidate,hallucinated,supported,False,-0.0068359375,-2.6250022649765015,2.6181663274765015,Does septoplasty change the dimensions of compensatory hypertrophy of the middle turbinate?,"Yes. Based on the supplied research evidence, the answer to the research question is yes."
65,66,20064872,yes,aligned_candidate,supported,supported,True,-0.000919342041015625,-4.062501072883606,4.06158173084259,Can the prognosis of polymyalgia rheumatica be predicted at disease onset?,"Yes. Based on the supplied research evidence, the answer to the research question is yes."
66,66,20064872,yes,contradictory_candidate,hallucinated,supported,False,-0.1171875,-1.1250020861625671,1.0078145861625671,Can the prognosis of polymyalgia rheumatica be predicted at disease onset?,"No. Based on the supplied research evidence, the answer to the research question is no."
67,67,8199520,no,aligned_candidate,supported,supported,True,-0.029541015625,-1.828126311302185,1.798585295677185,Are physicians meeting the needs of family caregivers of the frail elderly?,"No. Based on the supplied research evidence, the answer to the research question is no."
68,67,8199520,no,contradictory_candidate,hallucinated,supported,False,-0.00170135498046875,-3.562501072883606,3.560799717903137,Are physicians meeting the needs of family caregivers of the frail elderly?,"Yes. Based on the supplied research evidence, the answer to the research question is yes."
69,68,26852225,no,aligned_candidate,supported,supported,True,-0.023681640625,-1.9531275629997253,1.9294459223747253,Is adjustment for reporting heterogeneity necessary in sleep disorders?,"No. Based on the supplied research evidence, the answer to the research question is no."
70,68,26852225,no,contradictory_candidate,hallucinated,supported,False,-0.000698089599609375,-4.187502086162567,4.186803996562958,Is adjustment for reporting heterogeneity necessary in sleep disorders?,"Yes. Based on the supplied research evidence, the answer to the research question is yes."
71,71,10375486,no,aligned_candidate,supported,supported,True,-0.0146484375,-2.187501609325409,2.172853171825409,Are variations in the use of carotid endarterectomy explained by population Need?,"No. Based on the supplied research evidence, the answer to the research question is no."
72,71,10375486,no,contradictory_candidate,hallucinated,supported,False,-0.0032501220703125,-3.0625009536743164,3.059250831604004,Are variations in the use of carotid endarterectomy explained by population Need?,"Yes. Based on the supplied research evidence, the answer to the research question is yes."
73,74,14692023,yes,aligned_candidate,supported,supported,True,-0.00135040283203125,-3.687501072883606,3.6861506700515747,Is breast cancer survival improving?,"Yes. Based on the supplied research evidence, the answer to the research question is yes."
74,74,14692023,yes,contradictory_candidate,hallucinated,hallucinated,True,-6.25,-0.0010856986045837402,6.248914301395416,Is breast cancer survival improving?,"No. Based on the supplied research evidence, the answer to the research question is no."
75,77,23412195,yes,aligned_candidate,supported,supported,True,-0.000919342041015625,-4.12500125169754,4.124081909656525,Should displaced midshaft clavicular fractures be treated surgically?,"Yes. Based on the supplied research evidence, the answer to the research question is yes."
76,77,23412195,yes,contradictory_candidate,hallucinated,hallucinated,True,-5.375,-0.0025063753128051758,5.372493624687195,Should displaced midshaft clavicular fractures be treated surgically?,"No. Based on the supplied research evidence, the answer to the research question is no."
77,78,23240452,no,aligned_candidate,supported,supported,True,-0.0135498046875,-2.2500011920928955,2.2364513874053955,Can we predict urinary stone composition based on an analysis of microelement concentration in the hair and urine?,"No. Based on the supplied research evidence, the answer to the research question is no."
78,78,23240452,no,contradictory_candidate,hallucinated,supported,False,-0.2041015625,-0.8515641093254089,0.6474625468254089,Can we predict urinary stone composition based on an analysis of microelement concentration in the hair and urine?,"Yes. Based on the supplied research evidence, the answer to the research question is yes."
79,81,24245816,yes,aligned_candidate,supported,supported,True,-0.00124359130859375,-3.7500011920928955,3.7487576007843018,Is trabecular bone related to primary stability of miniscrews?,"Yes. Based on the supplied research evidence, the answer to the research question is yes."
80,81,24245816,yes,contradictory_candidate,hallucinated,supported,False,-0.09326171875,-1.2343775629997253,1.1411158442497253,Is trabecular bone related to primary stability of miniscrews?,"No. Based on the supplied research evidence, the answer to the research question is no."
81,82,16872243,no,aligned_candidate,supported,supported,True,-0.052978515625,-1.523438811302185,1.470460295677185,Can decisional algorithms replace global introspection in the individual causality assessment of spontaneously reported ADRs?,"No. Based on the supplied research evidence, the answer to the research question is no."
82,82,16872243,no,contradictory_candidate,hallucinated,supported,False,-0.0023040771484375,-3.3125006556510925,3.310196578502655,Can decisional algorithms replace global introspection in the individual causality assessment of spontaneously reported ADRs?,"Yes. Based on the supplied research evidence, the answer to the research question is yes."
83,87,16809243,no,aligned_candidate,supported,supported,True,-0.000667572021484375,-4.250000596046448,4.249333024024963,Is fetal gender associated with emergency department visits for asthma during pregnancy?,"No. Based on the supplied research evidence, the answer to the research question is no."
84,87,16809243,no,contradictory_candidate,hallucinated,hallucinated,True,-1.6015625,-0.11377203464508057,1.4877904653549194,Is fetal gender associated with emergency department visits for asthma during pregnancy?,"Yes. Based on the supplied research evidence, the answer to the research question is yes."
85,88,19230985,yes,aligned_candidate,supported,supported,True,-0.00142669677734375,-3.5625022649765015,3.5610755681991577,Post-tonsillectomy late haemorrhage: is it a preferably night-time event?,"Yes. Based on the supplied research evidence, the answer to the research question is yes."
86,88,19230985,yes,contradictory_candidate,hallucinated,supported,False,-0.00579833984375,-2.750003159046173,2.744204819202423,Post-tonsillectomy late haemorrhage: is it a preferably night-time event?,"No. Based on the supplied research evidence, the answer to the research question is no."
87,92,10811329,yes,aligned_candidate,supported,supported,True,-0.00041961669921875,-4.750000834465027,4.749581217765808,Are 99mTc leukocyte scintigraphy and SBFT studies useful in children suspected of having inflammatory bowel disease?,"Yes. Based on the supplied research evidence, the answer to the research question is yes."
88,92,10811329,yes,contradictory_candidate,hallucinated,hallucinated,True,-5.125,-0.003160834312438965,5.121839165687561,Are 99mTc leukocyte scintigraphy and SBFT studies useful in children suspected of having inflammatory bowel disease?,"No. Based on the supplied research evidence, the answer to the research question is no."
89,93,24172579,yes,aligned_candidate,supported,supported,True,-0.004119873046875,-2.9375032782554626,2.9333834052085876,Does sex influence the response to intravenous thrombolysis in ischemic stroke?,"Yes. Based on the supplied research evidence, the answer to the research question is yes."
90,93,24172579,yes,contradictory_candidate,hallucinated,supported,False,-0.0034027099609375,-3.250001907348633,3.2465991973876953,Does sex influence the response to intravenous thrombolysis in ischemic stroke?,"No. Based on the supplied research evidence, the answer to the research question is no."
91,94,17032327,no,aligned_candidate,supported,supported,True,-0.0009918212890625,-4.250001072883606,4.2490092515945435,Do supervised colorectal trainees differ from consultants in terms of quality of TME surgery?,"No. Based on the supplied research evidence, the answer to the research question is no."
92,94,17032327,no,contradictory_candidate,hallucinated,supported,False,-0.0011138916015625,-3.8750011324882507,3.8738872408866882,Do supervised colorectal trainees differ from consultants in terms of quality of TME surgery?,"Yes. Based on the supplied research evidence, the answer to the research question is yes."
93,95,20488985,no,aligned_candidate,supported,hallucinated,False,-0.90234375,-0.2636758089065552,0.6386679410934448,The English antibiotic awareness campaigns: did they change the public's knowledge of and attitudes to antibiotic use?,"No. Based on the supplied research evidence, the answer to the research question is no."
94,95,20488985,no,contradictory_candidate,hallucinated,supported,False,-0.00138092041015625,-3.6250014901161194,3.623620569705963,The English antibiotic awareness campaigns: did they change the public's knowledge of and attitudes to antibiotic use?,"Yes. Based on the supplied research evidence, the answer to the research question is yes."
95,96,17894828,yes,aligned_candidate,supported,supported,True,-0.0022735595703125,-3.3125014305114746,3.310227870941162,Serum angiotensin-converting enzyme and frequency of severe hypoglycaemia in Type 1 diabetes: does a relationship exist?,"Yes. Based on the supplied research evidence, the answer to the research question is yes."
96,96,17894828,yes,contradictory_candidate,hallucinated,hallucinated,True,-5.375,-0.002507150173187256,5.372492849826813,Serum angiotensin-converting enzyme and frequency of severe hypoglycaemia in Type 1 diabetes: does a relationship exist?,"No. Based on the supplied research evidence, the answer to the research question is no."
97,97,24577079,no,aligned_candidate,supported,hallucinated,False,-3.046875,-0.024907052516937256,3.0219679474830627,Does strategy training reduce age-related deficits in working memory?,"No. Based on the supplied research evidence, the answer to the research question is no."
98,97,24577079,no,contradictory_candidate,hallucinated,supported,False,-0.000705718994140625,-4.125001490116119,4.124295771121979,Does strategy training reduce age-related deficits in working memory?,"Yes. Based on the supplied research evidence, the answer to the research question is yes."
99,98,18801797,no,aligned_candidate,supported,supported,True,-0.028564453125,-1.8281261324882507,1.7995616793632507,Household and food shopping environments: do they play a role in socioeconomic inequalities in fruit and vegetable consumption?,"No. Based on the supplied research evidence, the answer to the research question is no."
100,98,18801797,no,contradictory_candidate,hallucinated,supported,False,-0.051025390625,-1.5234392881393433,1.4724138975143433,Household and food shopping environments: do they play a role in socioeconomic inequalities in fruit and vegetable consumption?,"Yes. Based on the supplied research evidence, the answer to the research question is yes."
