threshold,accuracy,precision,recall,f1_score,true_negatives,false_positives,false_negatives,true_positives
0.3,0.587,0.5481994459833796,0.9895,0.7055258467023173,369,1631,21,1979
0.35,0.636,0.5812910938433951,0.9725,0.7276468387579499,599,1401,55,1945
0.4,0.6915,0.627751834556371,0.941,0.7531012404961985,884,1116,118,1882
0.45,0.7395,0.6902303415409055,0.869,0.7693669765382912,1220,780,262,1738
0.5,0.764,0.7655935613682092,0.761,0.7632898696088265,1534,466,478,1522
0.55,0.7445,0.8395833333333333,0.6045,0.702906976744186,1769,231,791,1209
0.6,0.69325,0.8939857288481141,0.4385,0.5883931566588393,1896,104,1123,877
0.65,0.62225,0.9342806394316163,0.263,0.4104564962934062,1963,37,1474,526
0.7,0.569,0.9758620689655172,0.1415,0.24716157205240175,1993,7,1717,283
