feature,coefficient
rather than,7.39824058504375
rather,7.3942070892545315
significantly,6.875243381951819
due to,5.741881547091557
due,5.665721293422778
enhances,5.185126467944867
primarily,4.246102771577864
through,3.732893047446519
particularly,3.447975258821052
compared to,3.446400678948826
increases,3.28797710149682
indicating,3.187544704011895
leading to,3.0689977036583893
increases the,3.010258631796128
enhancing,2.9786059764610706
leading,2.9019629582092814
significantly increases,2.8987565372407174
enhances the,2.8554372158989176
significant,2.683924033489096
rates,2.6354804285314772
shown,2.6007295936245622
direct,2.487798687065121
significantly enhances,2.4815435219468505
inversely,2.3953658336550925
than,2.376309027267002
predominantly,2.2406661301246307
is significantly,2.205706307364322
exhibit,2.139124713176383
journal of,2.1321886323480963
to increased,2.1048750790712374
journal,2.0855540686585017
et al,2.010919655998888
shown to,1.975243830714884
not significantly,1.9094252707266408
to its,1.8788343872241917
the journal,1.875792487515011
by enhancing,1.8541936629579845
compared,1.8295787964137795
been shown,1.8210841875437649
the risk,1.8033726200809759
al,1.7947928668563398
significantly improves,1.7759101374087216
through the,1.7697926418329544
is primarily,1.7696528209940294
published in,1.7633405516904348
linked to,1.763326725126873
significantly reduces,1.7613157326962374
survival rates,1.7154471030007605
risk of,1.706354123883683
been,1.6962653920980066
