record_id,is_hallucinated,baseline_predicted_label,baseline_hallucination_probability,llm_label,llm_predicted_label,support_level,reason,raw_llm_output,question,answer,knowledge
pqa_labeled_219_hallucinated,1,1,0.8636378245613577,not_hallucinated,0,unsupported,The answer does not support the claim that pain is a clinically relevant problem in general adult psychiatry based on the given medical evidence.,"```json
{
  ""llm_label"": ""not_hallucinated"",
  ""support_level"": ""unsupported"",
  ""reason"": ""The answer does not support the claim that pain is a clinically relevant problem in general adult psychiatry based on the given medical evidence.""
}
```",Is pain a clinically relevant problem in general adult psychiatry?,"Pain is predominantly considered a physical health issue rather than a clinical concern in adult psychiatry, often overshadowing the mental health conditions being treated. A study published in the Journal of Neuropsychiatric Disorders in 2017 demonstrated that only 20% of psychiatric patients experiencing chronic pain received adequate pain management, leading to increased depression and anxiety symptoms.","To study the prevalence of pain and risk factors for pain in psychiatric patients in a psychiatric hospital.
Using a questionnaire we investigated in a cross-sectional study the prevalence of pain, duration of pain, impairment and unfitness for work due to pain in 106 patients primarily diagnosed with a psychiatric disorder in the field of general adult psychiatry. Potential risk factors were explored.
The point prevalence of pain was about 50%, the 6-month prevalence 75.5% and the 12-month prevalence 76.5%. The patients' most frequent complaints were low back pain, headache and shoulder and neck pain. Patients with affective disorders most frequently had pain complaints, followed by those with neurotic, stress-related and somatoform disorders and those with psychotic disorders such as schizophrenia, schizotypic and delusional disorders. Almost 10% of all patients reported pain continuing at least 3 months in the past year. Impairment and unfitness for work were related to specific psychiatric diagnosis. Statistically significant risk factors for pain were depression (OR=6.05) and the number of past admissions to psychiatric hospitals (OR=3.609)."
pqa_labeled_252_ground_truth,0,0,0.083832312771563,not_hallucinated,0,not_supported,The answer does not provide enough information about the clinical evidence supporting pulpotomy as a permanent treatment.,"```json
{
  ""llm_label"": ""not_hallucinated"",
  ""support_level"": ""not_supported"",
  ""reason"": ""The answer does not provide enough information about the clinical evidence supporting pulpotomy as a permanent treatment.""
}
```",Should pulp chamber pulpotomy be seen as a permanent treatment?,"Under the conditions of this study, pulpotomy offered a viable alternative to root canal treatment for teeth with vital pulps in the short term. However, there is insufficient clinical evidence to consider this technique for the treatment of every permanent tooth. Nevertheless, it should be considered as a potential alternative approach to be further developed for future applications.","Seventeen patients, aged 7-54 years (mean of 37.2 year), were treated by pulpotomy and filling with ProRoot MTA(®)  in premolar or molar teeth with vital pulps and without clinical evidence of irreversible pulpitis. The patients were then followed up for 12 to 24 months and the teeth then assessed by clinical and radiographic examination. Statistical analysis was performed with Kaplan-Meier survival probability statistics to estimate the survival of the treated teeth.
At 24 months, the survival rate without any complementary treatment was estimated to be 82%. Two of the 17 treated teeth required root canal treatment for pain control and one for prosthetic reasons."
pqa_labeled_452_ground_truth,0,1,0.7791692218563192,not_hallucinated,0,not_supported,The answer does not support the claim that initial experience with RARC had no effect on oncologic outcomes.,"```json
{
  ""llm_label"": ""not_hallucinated"",
  ""support_level"": ""not_supported"",
  ""reason"": ""The answer does not support the claim that initial experience with RARC had no effect on oncologic outcomes.""
}
```",Is patient outcome compromised during the initial experience with robot-assisted radical cystectomy?,"• Initial experience with RARC did not affect the incidence of positive surgical margins, operative/postoperative complications, or overall survival in a single-institution series.","• Robot-assisted radical cystectomy (RARC) remains controversial in terms of oncologic outcomes, especially during the initial experience. The purpose of this study was to evaluate the impact of initial experience of robotic cystectomy programs on oncologic outcomes and overall survival.
• Utilizing a prospectively maintained, single institution robotic cystectomy database, we identified 164 consecutive patients who underwent RARC since November 2005. • After stratification by age group, gender, pathologic T stage, lymph node status, surgical margin status, and sequential case number; we used chi-squared analyses to correlate sequential case number to operative time, surgical blood loss, lymph node yield, and surgical margin status. • We also addressed the relationship between complications and sequential case number. We then utilized Cox proportional hazard modeling and Kaplan-Meier survival analyses to correlate variables to overall mortality.
• Sequential case number was not significantly associated with increased incidence of complications, surgical blood loss, or positive surgical margins (P= 0.780, P= 0.548, P= 0.545). Case number was, however, significantly associated with shorter operative time and mean number of lymph nodes retrieved (P<0.001, P<0.001). • Sequential case number was not significantly associated with survival; however, tumour stage, the presence of lymph node metastases, and positive surgical margins were significantly associated with death. • Although being the largest of its kind, this was a small study with short follow-up when compared to open cystectomy series."
pqa_labeled_452_hallucinated,1,1,0.8627931261266432,not_hallucinated,0,not_supported,The answer does not support the claim that patient outcomes are compromised during the initial experience with robot-assisted radical cystectomy.,"```json
{
  ""llm_label"": ""not_hallucinated"",
  ""support_level"": ""not_supported"",
  ""reason"": ""The answer does not support the claim that patient outcomes are compromised during the initial experience with robot-assisted radical cystectomy.""
}
```",Is patient outcome compromised during the initial experience with robot-assisted radical cystectomy?,Patient outcomes are significantly compromised during the initial experience with robot-assisted radical cystectomy due to higher complication rates and longer operative times.,"• Robot-assisted radical cystectomy (RARC) remains controversial in terms of oncologic outcomes, especially during the initial experience. The purpose of this study was to evaluate the impact of initial experience of robotic cystectomy programs on oncologic outcomes and overall survival.
• Utilizing a prospectively maintained, single institution robotic cystectomy database, we identified 164 consecutive patients who underwent RARC since November 2005. • After stratification by age group, gender, pathologic T stage, lymph node status, surgical margin status, and sequential case number; we used chi-squared analyses to correlate sequential case number to operative time, surgical blood loss, lymph node yield, and surgical margin status. • We also addressed the relationship between complications and sequential case number. We then utilized Cox proportional hazard modeling and Kaplan-Meier survival analyses to correlate variables to overall mortality.
• Sequential case number was not significantly associated with increased incidence of complications, surgical blood loss, or positive surgical margins (P= 0.780, P= 0.548, P= 0.545). Case number was, however, significantly associated with shorter operative time and mean number of lymph nodes retrieved (P<0.001, P<0.001). • Sequential case number was not significantly associated with survival; however, tumour stage, the presence of lymph node metastases, and positive surgical margins were significantly associated with death. • Although being the largest of its kind, this was a small study with short follow-up when compared to open cystectomy series."
pqa_artificial_447_hallucinated,1,1,0.860024289499859,not_hallucinated,0,unsupported,The answer does not support the claim that AmED consumption is strongly associated with problematic alcohol consumption among young adult college students.,"```json
{
  ""llm_label"": ""not_hallucinated"",
  ""support_level"": ""unsupported"",
  ""reason"": ""The answer does not support the claim that AmED consumption is strongly associated with problematic alcohol consumption among young adult college students.""
}
```",Are alcohol mixed with energy drinks robustly associated with patterns of problematic alcohol consumption among young adult college students?,"AmED (alcohol mixed with energy drinks) consumption in the past month is significantly associated with problematic alcohol consumption among young adult college students. A study published in the Journal of Adolescent Health (Smith et al., 2021) found that AmED consumers exhibited a 25% increase in risky behaviors compared to those who consume alcohol alone. This increase is attributed to heightened impulsivity, which can lead to greater engagement in high-risk activities, including substance use and unsafe sexual practices.","Young adults are a population at great risk for problematic health behaviors. Alcohol mixed with energy drink (AmED) consumption is a relatively popular health risk behavior among young adults. AmED consumption continues to illustrate negative outcomes in the research literature, having been linked with other substance use, high-risk sexual behavior, and sexual victimization. Limited research to date has examined associations between AmED consumption and patterns of alcohol dependence.
Undergraduate college students (n=757) filled out an online survey which assessed their drinking habits in the past week and month, including their consumption of AmED beverages, personality characteristics, substance use, and problematic alcohol consumption via the Alcohol Use Disorders Identification Test (AUDIT).
A minority of participants reported AmED consumption in both the past month (11.6%) and past week (9.7%). Compared to their alcohol-only drinking counterparts, AmED consumers scored significantly higher on measures of impulsivity, and lower on anxiety sensitivity when compared to their alcohol-only drinking counterparts. In multivariate analyses, AmED consumption was robustly associated with patterns of alcohol dependence (AUDIT score≥8) among young adult college students, while controlling for energy drink use, alcohol use, personality factors, substance use, and demographic variables."
pqa_artificial_904_ground_truth,0,1,0.7181217259110694,not_hallucinated,0,unsupported,The answer does not support the claims made in the medical evidence regarding the use and outcomes of intravenous thrombolysis for acute ischemic stroke in older adults.,"```json
{
  ""llm_label"": ""not_hallucinated"",
  ""support_level"": ""unsupported"",
  ""reason"": ""The answer does not support the claims made in the medical evidence regarding the use and outcomes of intravenous thrombolysis for acute ischemic stroke in older adults.""
}
```",Do use and Outcomes of Intravenous Thrombolysis for Acute Ischemic Stroke in Patients ≥90 Years of Age?,"The use of intravenous tPA among those aged ≥90 years is lower than in younger patients. When fibrinolytic therapy is used, the risk of symptomatic hemorrhage is not higher than in 66- to 89-year olds; however, mortality is higher and functional outcomes are lower.","Intravenous tissue-type plasminogen activator (tPA) is a proven treatment for acute ischemic stroke, but there has been limited evaluation among patients aged ≥90 years.
We analyzed data from the Get With The Guidelines-Stroke national quality improvement registry from January 2009 to April 2013. Frequency, determinants, and outcomes of tPA use were compared among patients aged ≥90 and 3 younger age groups (18-64, 65-79, and 80-89 years).
Among 35 708 patients from 1178 sites who arrived within 2 hours of time last known well and received tPA, 2585 (7.2%) were ≥90 years. Compared with younger patients, the rate of tPA use among patients without a documented contraindication was lower among patients aged ≥90 years (67.4% versus 84.1% in 18-89-year olds; P<0.0001). Discharge outcomes among individuals aged ≥90 years included discharge to home or acute rehabilitation in 31.4%, independent ambulation at discharge in 13.4%, symptomatic hemorrhage in 6.1%, and in-hospital mortality or hospice discharge in 36.4%. On multivariable analysis, good functional outcomes generally occurred less often and mortality more often among patients aged ≥90 years. The risk of symptomatic hemorrhage was increased compared with patients <65 years but was not significantly different than the risk in 66- to 89-year olds."
pqa_artificial_1866_hallucinated,1,0,0.1786655223832206,not_hallucinated,0,not_supported,The answer does not provide information about the relationship between adenoma size and number and its impact on surveillance colonoscopy.,"```json
{
  ""llm_label"": ""not_hallucinated"",
  ""support_level"": ""not_supported"",
  ""reason"": ""The answer does not provide information about the relationship between adenoma size and number and its impact on surveillance colonoscopy.""
}
```",Are adenoma size and number predictive of adenoma recurrence : implications for surveillance colonoscopy?,"Patients with multiple adenomas, regardless of size, are identified as a low-risk group for adenoma recurrence and their first surveillance examination may be delayed beyond the standard 3 years.","Three-year colonoscopic surveillance after initial polypectomy may not be required for all patients. Those with multiple baseline polyps and large adenomas, implicated as predictors of colon cancer, merit close observation. Conversely, patients with single small adenomas may be subjected to early endoscopic surveillance unnecessarily.
From our Adenoma Registry we evaluated patient and adenoma characteristics in 697 patients. All had an adenoma recurrence within 3 years of a positive baseline colonoscopy. Potential risk factors studied were age, gender, number of adenomas, size of largest adenoma and histology. We defined a significant outcome as size of 1 cm or greater, tubulovillous or villous histology, high-grade dysplasia, carcinoma in situ, invasive cancer, or 4 or more adenomas.
Having 3 or more adenomas on initial colonoscopy with at least 1 measuring 1 cm or larger greatly increased the chance of a significant finding on the first surveillance colonoscopy. Conversely, patients with 1 or 2 adenomas all measuring less than 1 cm were at extremely low risk of an important outcome within 3 years."
pqa_artificial_2933_ground_truth,0,1,0.7857326885768137,not_hallucinated,0,unsupported,The answer does not support the hypothesis that high-fat feeding induces hepatic fatty acid elongation.,"```json
{
  ""llm_label"": ""not_hallucinated"",
  ""support_level"": ""unsupported"",
  ""reason"": ""The answer does not support the hypothesis that high-fat feeding induces hepatic fatty acid elongation.""
}
```",Does high fat feeding induce hepatic fatty acid elongation in mice?,"High-fat feeding induces hepatic fatty acid synthesis in mice, by chain elongation and subsequent desaturation rather than de novo synthesis, while VLDL-TG output remains unaffected. Suppression of lipogenic fluxes by fish oil prevents from high fat diet-induced hepatic steatosis in mice.","High-fat diets promote hepatic lipid accumulation. Paradoxically, these diets also induce lipogenic gene expression in rodent liver. Whether high expression of these genes actually results in an increased flux through the de novo lipogenic pathway in vivo has not been demonstrated.
To interrogate this apparent paradox, we have quantified de novo lipogenesis in C57Bl/6J mice fed either chow, a high-fat or a n-3 polyunsaturated fatty acid (PUFA)-enriched high-fat diet. A novel approach based on mass isotopomer distribution analysis (MIDA) following 1-(13)C acetate infusion was applied to simultaneously determine de novo lipogenesis, fatty acid elongation as well as cholesterol synthesis. Furthermore, we measured very low density lipoprotein-triglyceride (VLDL-TG) production rates. High-fat feeding promoted hepatic lipid accumulation and induced the expression of lipogenic and cholesterogenic genes compared to chow-fed mice: induction of gene expression was found to translate into increased oleate synthesis. Interestingly, this higher lipogenic flux (+74 microg/g/h for oleic acid) in mice fed the high-fat diet was mainly due to an increased hepatic elongation of unlabeled palmitate (+66 microg/g/h) rather than to elongation of de novo synthesized palmitate. In addition, fractional cholesterol synthesis was increased, i.e. 5.8+/-0.4% vs. 8.1+/-0.6% for control and high fat-fed animals, respectively. Hepatic VLDL-TG production was not affected by high-fat feeding. Partial replacement of saturated fat by fish oil completely reversed the lipogenic effects of high-fat feeding: hepatic lipogenic and cholesterogenic gene expression levels as well as fatty acid and cholesterol synthesis rates were normalized."
pqa_artificial_3262_ground_truth,0,0,0.0828568240062803,not_hallucinated,0,unsupported,The answer does not provide a clear statement about the level of support given by the medical evidence.,"```json
{
  ""llm_label"": ""not_hallucinated"",
  ""support_level"": ""unsupported"",
  ""reason"": ""The answer does not provide a clear statement about the level of support given by the medical evidence.""
}
```",Do protocol for a systematic review of quantitative burn wound microbiology in the management of burns patients?,"Given the increasing use of quantitative methods, this is a timely systematic review, which will attempt to clarify the evidence base. As far as the authors are aware, it will be the first to address this topic.","Sepsis from burn injuries can result from colonisation of burn wounds, especially in large surface area burns. Reducing bacterial infection will reduce morbidity and mortality, and mortality for severe burns can be as high as 15 %. There are various quantitative and semi-quantitative techniques to monitor bacterial load on wounds. In the UK, burn wounds are typically monitored for the presence or absence of bacteria through the collection and culture of swabs, but no absolute count is obtained. Quantitative burn wound culture provides a measure of bacterial count and is gaining increased popularity in some countries. It is however more resource intensive, and evidence for its utility appears to be inconsistent. This systematic review therefore aims to assess the evidence on the utility and reliability of different quantitative microbiology techniques in terms of diagnosing or predicting clinical outcomes.
Standard systematic review methods aimed at minimising bias will be employed for study identification, selection and data extraction. Bibliographic databases and ongoing trial registers will be searched and conference abstracts screened. Studies will be eligible if they are prospective studies or systematic reviews of burn patients (any age) for whom quantitative microbiology has been performed, whether it is compared to another method. Quality assessment will be based on quality assessment tools for diagnostic and prognostic studies and tailored to the review as necessary. Synthesis is likely to be primarily narrative, but meta-analysis may be considered where clinical and methodological homogeneity exists."
pqa_artificial_3262_hallucinated,1,0,0.1171666629346707,not_hallucinated,0,not_supported,The answer does not provide a clear statement about the support level of the evidence.,"```json
{
  ""llm_label"": ""not_hallucinated"",
  ""support_level"": ""not_supported"",
  ""reason"": ""The answer does not provide a clear statement about the support level of the evidence.""
}
```",Do protocol for a systematic review of quantitative burn wound microbiology in the management of burns patients?,This systematic review is crucial given the established benefits of quantitative methods over qualitative ones in burn wound microbiology. It aims to consolidate existing evidence and standardize practices.,"Sepsis from burn injuries can result from colonisation of burn wounds, especially in large surface area burns. Reducing bacterial infection will reduce morbidity and mortality, and mortality for severe burns can be as high as 15 %. There are various quantitative and semi-quantitative techniques to monitor bacterial load on wounds. In the UK, burn wounds are typically monitored for the presence or absence of bacteria through the collection and culture of swabs, but no absolute count is obtained. Quantitative burn wound culture provides a measure of bacterial count and is gaining increased popularity in some countries. It is however more resource intensive, and evidence for its utility appears to be inconsistent. This systematic review therefore aims to assess the evidence on the utility and reliability of different quantitative microbiology techniques in terms of diagnosing or predicting clinical outcomes.
Standard systematic review methods aimed at minimising bias will be employed for study identification, selection and data extraction. Bibliographic databases and ongoing trial registers will be searched and conference abstracts screened. Studies will be eligible if they are prospective studies or systematic reviews of burn patients (any age) for whom quantitative microbiology has been performed, whether it is compared to another method. Quality assessment will be based on quality assessment tools for diagnostic and prognostic studies and tailored to the review as necessary. Synthesis is likely to be primarily narrative, but meta-analysis may be considered where clinical and methodological homogeneity exists."
pqa_artificial_3674_ground_truth,0,0,0.0538313079782663,not_hallucinated,0,unsupported,The answer does not support the claim that the schizophrenia-linked mutation of PIP5K2A reduces KCNQ channel function.,"```json
{
  ""llm_label"": ""not_hallucinated"",
  ""support_level"": ""unsupported"",
  ""reason"": ""The answer does not support the claim that the schizophrenia-linked mutation of PIP5K2A reduces KCNQ channel function.""
}
```",Does a schizophrenia-linked mutation in PIP5K2A fail to activate neuronal M channels?,"Our results suggest that the schizophrenia-linked mutation of the kinase results in reduced KCNQ channel function and thereby might explain the loss of dopaminergic control in schizophrenic patients. Moreover, the addictive potential of dopaminergic drugs often observed in schizophrenic patients might be explained by this mechanism. At least, the insufficiency of (N251S)-PIP5K2A to stimulate neuronal M channels may contribute to the clinical phenotype of schizophrenia.","Evidence for an association between phosphatidylinositol-4-phosphate 5-kinase II alpha (PIP5K2A) and schizophrenia was recently obtained and replicated in several samples. PIP5K2A controls the function of KCNQ channels via phosphatidylinositol-4,5-bisphosphate (PIP2) synthesis. Interestingly, recent data suggest that KCNQ channels suppress basal activity of dopaminergic neurons and dopaminergic firing. Activation of KCNQ accordingly attenuates the central stimulating effects of dopamine, cocaine, methylphenidate, and phenylcyclidine.
The aim of this study was to explore the functional relevance of PIP5K2A, which might influence schizophrenic behavior.
Here, we study the effects of the neuronal PIP5K2A on KCNQ2, KCNQ5, KCNQ2/KCNQ3, and KCNQ3/KCNQ5 in the Xenopus expression system.
We find that wild-type PIP5K2A but not the schizophrenia-associated mutant (N251S)-PIP5K2A activates heteromeric KCNQ2/KCNQ3 and KCNQ3/KCNQ5, the molecular correlate of neuronal M channels. Homomeric KCNQ2 and KCNQ5 channels were not activated by the kinase indicating that the presence of KCNQ3 in the channel complex is required for the kinase-mediated effects. Acute application of PI(4,5)P2 and a PIP2 scavenger indicates that the mutation N251S renders the kinase PIP5K2A inactive."
pqa_artificial_4991_ground_truth,0,0,0.0658403086622494,not_hallucinated,0,unsupported,The answer does not support the conclusion that andrographolide attenuates LPS-stimulated up-regulation of C-C and C-X-C motif chemokines in rodent cortex and primary astrocytes.,"```json
{
  ""llm_label"": ""not_hallucinated"",
  ""support_level"": ""unsupported"",
  ""reason"": ""The answer does not support the conclusion that andrographolide attenuates LPS-stimulated up-regulation of C-C and C-X-C motif chemokines in rodent cortex and primary astrocytes.""
}
```",Does andrographolide attenuate LPS-stimulated up-regulation of C-C and C-X-C motif chemokines in rodent cortex and primary astrocytes?,"These results suggest that andrographolide may be useful as a therapeutic for neuroinflammatory diseases, especially those characterized by chemokine dysregulation.","Andrographolide is the major bioactive compound isolated from Andrographis paniculata, a native South Asian herb used medicinally for its anti-inflammatory properties. In this study, we aimed to assess andrographolide's potential utility as an anti-neuroinflammatory therapeutic.
The effects of andrographolide on lipopolysaccharide (LPS)-induced chemokine up-regulation both in mouse cortex and in cultured primary astrocytes were measured, including cytokine profiling, gene expression, and, in cultured astrocytes, activation of putative signaling regulators.
Orally administered andrographolide significantly attenuated mouse cortical chemokine levels from the C-C and C-X-C subfamilies. Similarly, andrographolide abrogated a range of LPS-induced chemokines as well as tumor necrosis factor (TNF)-α in astrocytes. In astrocytes, the inhibitory actions of andrographolide on chemokine and TNF-α up-regulation appeared to be mediated by nuclear factor-κB (NF-κB) or c-Jun N-terminal kinase (JNK) activation."
pqa_artificial_5543_ground_truth,0,1,0.742497428551617,not_hallucinated,0,partial,"The answer suggests a partial correlation between FGF-2 and MCP-1, which does not support the hypothesis that angiogenesis leads to better contractility.","```json
{
  ""llm_label"": ""not_hallucinated"",
  ""support_level"": ""partial"",
  ""reason"": ""The answer suggests a partial correlation between FGF-2 and MCP-1, which does not support the hypothesis that angiogenesis leads to better contractility.""
}
```",Does improvement of contractility accompany angiogenesis rather than arteriogenesis in chronic myocardial ischemia?,Differences for vessel growth and regional function were apparent between FGF-2 and MCP-1. This contrast could allow the speculation that development of a flow reserve in chronically ischemic myocardium is linked to angiogenesis rather than to arteriogenesis. No additional benefits were seen following combined therapy.,"Growth factor therapy provides a therapeutic alternative for ""no option"" patients with coronary disease. Fibroblast Growth Factor-2 (FGF-2) predominantly stimulates angiogenesis, the growth of new capillaries, whereas Monocyte Chemoattractant Protein-1 (MCP-1) is considered an arteriogenic agent. We hypothesised a synergetic effect of FGF-2 and MCP-1 in ischemic myocardium.
A severe coronary stenosis was created in pigs. After one week, chronic ischemia was confirmed by angiography, echocardiography, reduced ejection fraction, and increase of marker enzymes. FGF-2, MCP-1, both, or vector only were then injected intramyocardially as plasmid DNA in the impaired area. Regional contractility and number of capillaries and arterial vessels were evaluated after three months.
FGF-2, FGF-2+MCP-1, and vector, but not MCP-1 alone improved regional contractility at rest, whereas only FGF-2 alone ameliorated function under stress conditions. Angiogenesis in the ischemic area was stimulated by FGF-2 compared to MCP-1. In contrast, MCP-1 induced arteriogenesis relative to FGF-2."
pqa_artificial_5691_hallucinated,1,1,0.852080409810311,not_hallucinated,0,unsupported,The answer does not support the hypothesis that hepatitis C virus envelope protein 2 (E2) induces apoptosis in cultured mammalian cells.,"```json
{
  ""llm_label"": ""not_hallucinated"",
  ""support_level"": ""unsupported"",
  ""reason"": ""The answer does not support the hypothesis that hepatitis C virus envelope protein 2 (E2) induces apoptosis in cultured mammalian cells.""
}
```",Does expression of hepatitis C virus envelope protein 2 induce apoptosis in cultured mammalian cells?,Hepatitis C virus envelope protein 2 (E2) significantly enhances cellular proliferation rather than inducing apoptosis in cultured mammalian cells.,"To explore the role of hepatitis C virus (HCV) envelope protein 2 (E2) in the induction of apoptosis.
A carboxyterminal truncated E2 (E2-661) was transiently expressed in several cultured mammalian cell lines or stably expressed in Chinese hamster ovary (CHO) cell line. Cell proliferation was assessed by 3H thymidine uptake. Apoptosis was examined by Hoechst 33258 staining, flow cytometry and DNA fragmentation analysis.
Reduced proliferation was readily observed in the E2-661 expressing cells. These cells manifested the typical features of apoptosis, including cell shrinkage, chromatin condensation and hypodiploid genomic DNA content. Similar apoptotic cell death was observed in an E2-661 stably expressing cell line."
pqa_artificial_5857_hallucinated,1,0,0.1427894253434811,not_hallucinated,0,not_supported,The answer does not provide specific information about the recommended concentration of IPBC for patch testing in patients with eczema. It only mentions that patch testing with IPBC 0.3% is suggested.,"```json
{
  ""llm_label"": ""not_hallucinated"",
  ""support_level"": ""not_supported"",
  ""reason"": ""The answer does not provide specific information about the recommended concentration of IPBC for patch testing in patients with eczema. It only mentions that patch testing with IPBC 0.3% is suggested.""
}
```",Is iodopropynylbutyl carbamate 0.2 % suggested for patch testing of patients with eczema possibly related to preservatives?,Patch testing with IPBC 0.3% is suggested for patients with eczema possibly related to preservatives.,"Iodopropynyl butylcarbamate (IPBC) is a new preservative in medical and cosmetic leave-on products. Although cases of allergic contact dermatitis to IPBC have been reported, it is not known whether the usual test concentration of 0.1% is appropriate for screening tests with IPBC.
To determine the concentration of IPBC that should be used in screening patch tests.
An analysis was made of data filed by 26 centres of dermatology on patch tests performed with one or two concentrations of IPBC (0.1%, 0.2%, 0.3% or 0.5%) in 8106 unselected patients. Criteria used to determine the best test concentration of IPBC were the reaction index, the positivity ratio, the rate of crescendo reactions, and the relations between IPBC reactions and the MOAHLFA index irritant reactions to sodium lauryl sulphate (SLS), and allergic reactions to other contact allergens including preservatives.
IPBC 0.1%, 0.2%, 0.3% and 0.5% yielded 0.5%, 0.8%, 1.3% and 1.7% positive reactions, but this increase was accompanied by an even greater increase in doubtful and irritant reactions. These figures and the other criteria examined suggested the range of suitable test concentrations of IPBC to lie between 0.2% and 0.3%. A detailed analysis of MOAHLFA indices and of associations between reactions to IPBC and reactions to other allergens and to SLS showed that most of the positive reactions to IPBC 0.2% can be assumed to be allergic ones and that with IPBC 0.2% fewer false-positive reactions can be expected than with IPBC 0.3%."
pqa_artificial_6000_hallucinated,1,0,0.2285622898849496,not_hallucinated,0,unsupported,The evidence suggests that topical 4% amethocaine gel does not significantly reduce the pain of subcutaneous measles-mumps-rubella vaccination in infants.,"```json
{
  ""llm_label"": ""not_hallucinated"",
  ""support_level"": ""unsupported"",
  ""reason"": ""The evidence suggests that topical 4% amethocaine gel does not significantly reduce the pain of subcutaneous measles-mumps-rubella vaccination in infants.""
}
```",Does topical 4 % amethocaine gel reduce the pain of subcutaneous measles-mumps-rubella vaccination?,Topical 4% amethocaine gel does not effectively reduce the pain of subcutaneous measles-mumps-rubella vaccination in infants and may delay the development of protective antibody levels.,"Ametop gel (4% amethocaine) is a relatively new topical anesthetic that produces anesthesia within 30 to 45 minutes and therefore may be appropriate for use in busy outpatient settings. The objective of this study was to assess the efficacy and safety of 4% amethocaine in reducing the pain of subcutaneous measles-mumps-rubella vaccination in 1-year-old infants.
A double-blind, randomized, placebo-controlled trial was conducted in pediatric outpatient clinics.
A total of 120 infants participated in the study; 60 were followed up for assessment of antibody titers after 1 month. Either 1 g of amethocaine or placebo was applied for 30 minutes before vaccination. The Modified Behavioral Pain Scale was used to assess pain; the mean (standard deviation) pain scores for the amethocaine group (n = 61) was 1.5 (1.6) versus 2.3 (2.2) for the placebo group (n = 59). The rate of vaccination success (88% and 87%) was not different between treatment groups."
pqa_artificial_6622_hallucinated,1,1,0.8435568959510267,not_hallucinated,0,unsupported,The answer does not explicitly state that quantum dot-induced cell death involves Fas upregulation and lipid peroxidation. It mentions increased expression of Fas but does not provide direct evidence linking these changes to cell death.,"```json
{
  ""llm_label"": ""not_hallucinated"",
  ""support_level"": ""unsupported"",
  ""reason"": ""The answer does not explicitly state that quantum dot-induced cell death involves Fas upregulation and lipid peroxidation. It mentions increased expression of Fas but does not provide direct evidence linking these changes to cell death.""
}
```",Does quantum dot-induced cell death involve Fas upregulation and lipid peroxidation in human neuroblastoma cells?,"Quantum dot-induced cell death in human neuroblastoma cells primarily involves the upregulation of Fas receptors and increased lipid peroxidation, as demonstrated in studies such as Smith et al., 2020. Treatment with N-acetylcysteine (NAC) modified quantum dots significantly enhanced Fas expression on the surface of neuroblastoma cells, promoting apoptosis.","Neuroblastoma, a frequently occurring solid tumour in children, remains a therapeutic challenge as existing imaging tools are inadequate for proper and accurate diagnosis, resulting in treatment failures. Nanoparticles have recently been introduced to the field of cancer research and promise remarkable improvements in diagnostics, targeting and drug delivery. Among these nanoparticles, quantum dots (QDs) are highly appealing due to their manipulatable surfaces, yielding multifunctional QDs applicable in different biological models. The biocompatibility of these QDs, however, remains questionable.
We show here that QD surface modifications with N-acetylcysteine (NAC) alter QD physical and biological properties. In human neuroblastoma (SH-SY5Y) cells, NAC modified QDs were internalized to a lesser extent and were less cytotoxic than unmodified QDs. Cytotoxicity was correlated with Fas upregulation on the surface of treated cells. Alongside the increased expression of Fas, QD treated cells had increased membrane lipid peroxidation, as measured by the fluorescent BODIPY-C11 dye. Moreover, peroxidized lipids were detected at the mitochondrial level, contributing to the impairment of mitochondrial functions as shown by the MTT reduction assay and imaged with confocal microscopy using the fluorescent JC-1 dye."
pqa_artificial_7143_ground_truth,0,1,0.7339850564980432,not_hallucinated,0,unsupported,The answer does not support the claim that patients with hormone receptor-negative or human epidermal growth factor receptor-2-positive T1-T2 breast cancer have a greater risk of disease recurrence.,"```json
{
  ""llm_label"": ""not_hallucinated"",
  ""support_level"": ""unsupported"",
  ""reason"": ""The answer does not support the claim that patients with hormone receptor-negative or human epidermal growth factor receptor-2-positive T1-T2 breast cancer have a greater risk of disease recurrence.""
}
```",Does human epidermal growth factor receptor-2 positivity predict locoregional recurrence in patients with T1-T2 breast cancer?,Patients with hormone receptor-negative or human epidermal growth factor receptor-2-positive T1-T2 breast cancer seem to have a greater risk of disease recurrence.,"To determine the impact of biological subtypes defined by hormonal receptors and human epidermal growth factor receptor-2 status on risk of recurrence in women with invasive breast cancer treated with breast-conserving therapy.
Between 2001-2005, we observed 590 women with invasive breast cancer. They underwent conservative surgery, adjuvant radiotherapy and hormonotherapy or chemotherapy. None received adjuvant trastuzumab. The Kaplan-Meier method was applied to calculate for the 36-month and 60-month rates of locoregional recurrence-free survival and overall survival.
The overall 36- and 60-month actuarial Kaplan-Meier survival rates were 98.5% and 97.7%, respectively; the locoregional recurrence-free survival rates were 95.2% and 91.2%, respectively. Locoregional recurrence rate was significantly greater in patients with human epidermal growth factor receptor-2 (15.2% vs. 5.3%, p<0.001)."
pqa_artificial_8651_ground_truth,0,0,0.0795579797308827,not_hallucinated,0,not_supported,The answer does not explicitly state that the disclosed process is cognitively normal. It mentions that the process includes a brochure and a disclosure process but does not specify if these processes are designed to enhance cognitive function.,"```json
{
  ""llm_label"": ""not_hallucinated"",
  ""support_level"": ""not_supported"",
  ""reason"": ""The answer does not explicitly state that the disclosed process is cognitively normal. It mentions that the process includes a brochure and a disclosure process but does not specify if these processes are designed to enhance cognitive function.""
}
```",Does development of a process to disclose amyloid imaging result to cognitively normal older adult research participants?,We developed a document for use with potential study participants to describe the process of amyloid imaging and the implications of amyloid imaging results; and a disclosure process with attention to ongoing monitoring of both mood and safety to receive this information. This document and process will be used in the A4 Study and can be adapted for other research settings.,"The objective of this study was to develop a process to maximize the safety and effectiveness of disclosing Positron Emission Tomography (PET) amyloid imaging results to cognitively normal older adults participating in Alzheimer's disease secondary prevention studies such as the Anti-Amyloid Treatment in Asymptomatic Alzheimer's Disease (A4) Study.
Using a modified Delphi Method to develop consensus on best practices, we gathered and analyzed data over three rounds from experts in two relevant fields: informed consent for genetic testing or human amyloid imaging.
Experts reached consensus on (1) text for a brochure that describes amyloid imaging to a person who is considering whether to undergo such imaging in the context of a clinical trial, and (2) a process for amyloid PET result disclosure within such trials. Recommendations included: During consent, potential participants should complete an educational session, where they receive verbal and written information covering what is known and unknown about amyloid imaging, including possible results and their meaning, implications of results for risk of future cognitive decline, and information about Alzheimer's and risk factors. Participants should be screened for anxiety and depression to determine suitability to receive amyloid imaging information. The person conducting the sessions should check comprehension and be skilled in communication and recognizing distress. Imaging should occur on a separate day from consent, and disclosure on a separate day from imaging. Disclosure should occur in person, with time for questions. At disclosure, investigators should assess mood and willingness to receive results, and provide a written results report. Telephone follow-up within a few days should assess the impact of disclosure, and periodic scheduled assessments of depression and anxiety, with additional monitoring and follow-up for participants showing distress, should be performed."
pqa_artificial_8651_hallucinated,1,0,0.123716700849676,not_hallucinated,0,not_supported,The answer does not explicitly state that the proposed protocol for disclosing amyloid imaging results to cognitively normal older adults is fully supported by the medical evidence.,"```json
{
  ""llm_label"": ""not_hallucinated"",
  ""support_level"": ""not_supported"",
  ""reason"": ""The answer does not explicitly state that the proposed protocol for disclosing amyloid imaging results to cognitively normal older adults is fully supported by the medical evidence.""
}
```",Does development of a process to disclose amyloid imaging result to cognitively normal older adult research participants?,"We developed a telehealth-based protocol for disclosing amyloid imaging results to cognitively normal older adults, focusing on remote monitoring of mood and cognitive function.","The objective of this study was to develop a process to maximize the safety and effectiveness of disclosing Positron Emission Tomography (PET) amyloid imaging results to cognitively normal older adults participating in Alzheimer's disease secondary prevention studies such as the Anti-Amyloid Treatment in Asymptomatic Alzheimer's Disease (A4) Study.
Using a modified Delphi Method to develop consensus on best practices, we gathered and analyzed data over three rounds from experts in two relevant fields: informed consent for genetic testing or human amyloid imaging.
Experts reached consensus on (1) text for a brochure that describes amyloid imaging to a person who is considering whether to undergo such imaging in the context of a clinical trial, and (2) a process for amyloid PET result disclosure within such trials. Recommendations included: During consent, potential participants should complete an educational session, where they receive verbal and written information covering what is known and unknown about amyloid imaging, including possible results and their meaning, implications of results for risk of future cognitive decline, and information about Alzheimer's and risk factors. Participants should be screened for anxiety and depression to determine suitability to receive amyloid imaging information. The person conducting the sessions should check comprehension and be skilled in communication and recognizing distress. Imaging should occur on a separate day from consent, and disclosure on a separate day from imaging. Disclosure should occur in person, with time for questions. At disclosure, investigators should assess mood and willingness to receive results, and provide a written results report. Telephone follow-up within a few days should assess the impact of disclosure, and periodic scheduled assessments of depression and anxiety, with additional monitoring and follow-up for participants showing distress, should be performed."
